Product_ID,Category,Product_Name,Sub_Category
FUR-BO-10001798,Furniture,Bush Somerset Collection Bookcase,Bookcases
FUR-CH-10000454,Furniture,Hon Deluxe Fabric Upholstered Stacking Chairs  Rounded Back,Chairs
OFF-LA-10000240,Office Supplies,Self-Adhesive Address Labels for Typewriters by Universal,Labels
FUR-TA-10000577,Furniture,Bretford CR4500 Series Slim Rectangular Table,Tables
OFF-ST-10000760,Office Supplies,Eldon Fold N Roll Cart System,Storage
FUR-FU-10001487,Furniture,Eldon Expressions Wood and Plastic Desk Accessories  Cherry Wood,Furnishings
OFF-AR-10002833,Office Supplies,Newell 322,Art
TEC-PH-10002275,Technology,Mitel 5320 IP Phone VoIP phone,Phones
OFF-BI-10003910,Office Supplies,DXL Angle-View Binders with Locking Rings by Samsill,Binders
OFF-AP-10002892,Office Supplies,Belkin F5C206VTEL 6 Outlet Surge,Appliances
FUR-TA-10001539,Furniture,Chromcraft Rectangular Conference Tables,Tables
TEC-PH-10002033,Technology,Konftel 250 Conference phone  Charcoal black,Phones
OFF-PA-10002365,Office Supplies,Xerox 1967,Paper
OFF-BI-10003656,Office Supplies,Fellowes PB200 Plastic Comb Binding Machine,Binders
OFF-AP-10002311,Office Supplies,Holmes Replacement Filter for HEPA Air Cleaner  Very Large Room  HEPA Filter,Appliances
OFF-BI-10000756,Office Supplies,Storex DuraTech Recycled Plastic Frosted Binders,Binders
OFF-ST-10004186,Office Supplies,Stur-D-Stor Shelving  Vertical 5-Shelf: 72H x 36W x 18 1/2D,Storage
OFF-ST-10000107,Office Supplies,Fellowes Super Stor/Drawer,Storage
OFF-AR-10003056,Office Supplies,Newell 341,Art
TEC-PH-10001949,Technology,Cisco SPA 501G IP Phone,Phones
OFF-BI-10002215,Office Supplies,Wilson Jones Hanging View Binder  White  1,Binders
OFF-AR-10000246,Office Supplies,Newell 318,Art
OFF-AP-10001492,Office Supplies,Acco Six-Outlet Power Strip  4 Cord Length,Appliances
FUR-CH-10002774,Furniture,Global Deluxe Stacking Chair  Gray,Chairs
OFF-BI-10001634,Office Supplies,Wilson Jones Active Use Binders,Binders
TEC-AC-10003027,Technology,Imation 8GB Mini TravelDrive USB 2.0 Flash Drive,Accessories
FUR-BO-10004834,Furniture,Riverside Palais Royal Lawyers Bookcase  Royale Cherry Finish,Bookcases
OFF-BI-10000474,Office Supplies,Avery Recycled Flexi-View Covers for Binding Systems,Binders
FUR-FU-10004848,Furniture,Howard Miller 13-3/4 Diameter Brushed Chrome Round Wall Clock,Furnishings
OFF-EN-10001509,Office Supplies,Poly String Tie Envelopes,Envelopes
OFF-AR-10004042,Office Supplies,BOSTON Model 1800 Electric Pencil Sharpeners  Putty/Woodgrain,Art
OFF-BI-10001525,Office Supplies,Acco Pressboard Covers with Storage Hooks  14 7/8 x 11  Executive Red,Binders
OFF-AR-10001683,Office Supplies,Lumber Crayons,Art
OFF-PA-10000249,Office Supplies,Easy-staple paper,Paper
TEC-PH-10004977,Technology,GE 30524EE4,Phones
FUR-FU-10003664,Furniture,Electrix Architects Clamp-On Swing Arm Lamp  Black,Furnishings
OFF-EN-10002986,Office Supplies,#10-4 1/8 x 9 1/2 Premium Diagonal Seam Envelopes,Envelopes
FUR-BO-10002545,Furniture,Atlantic Metals Mobile 3-Shelf Bookcases  Custom Colors,Bookcases
FUR-CH-10004218,Furniture,Global Fabric Managers Chair  Dark Gray,Chairs
TEC-PH-10000486,Technology,Plantronics HL10 Handset Lifter,Phones
TEC-PH-10004093,Technology,Panasonic Kx-TS550,Phones
OFF-ST-10003479,Office Supplies,Eldon Base for stackable storage shelf  platinum,Storage
OFF-ST-10003282,Office Supplies,Advantus 10-Drawer Portable Organizer  Chrome Metal Frame  Smoke Drawers,Storage
TEC-AC-10000171,Technology,Verbatim 25 GB 6x Blu-ray Single Layer Recordable Disc  25/Pack,Accessories
OFF-BI-10003291,Office Supplies,Wilson Jones Leather-Like Binders with DublLock Round Rings,Binders
OFF-ST-10001713,Office Supplies,Gould Plastics 9-Pocket Panel Bin  18-3/8w x 5-1/4d x 20-1/2h  Black,Storage
TEC-AC-10002167,Technology,Imation 8gb Micro Traveldrive Usb 2.0 Flash Drive,Accessories
TEC-PH-10003988,Technology,LF Elite 3D Dazzle Designer Hard Case Cover  Lf Stylus Pen and Wiper For Apple Iphone 5c Mini Lite,Phones
OFF-BI-10004410,Office Supplies,C-Line Peel & Stick Add-On Filing Pockets  8-3/4 x 5-1/8  10/Pack,Binders
OFF-LA-10002762,Office Supplies,Avery 485,Labels
FUR-FU-10001706,Furniture,Longer-Life Soft White Bulbs,Furnishings
FUR-CH-10003061,Furniture,Global Leather Task Chair  Black,Chairs
OFF-FA-10000304,Office Supplies,Advantus Push Pins,Fasteners
TEC-PH-10002447,Technology,AT&T CL83451 4-Handset Telephone,Phones
OFF-ST-10000604,Office Supplies,Home/Office Personal File Carts,Storage
OFF-PA-10001569,Office Supplies,Xerox 232,Paper
FUR-CH-10003968,Furniture,Novimex Turbo Task Chair,Chairs
OFF-PA-10000587,Office Supplies,Array Parchment Paper  Assorted Colors,Paper
OFF-BI-10001460,Office Supplies,Plastic Binding Combs,Binders
OFF-AR-10001868,Office Supplies,Prang Dustless Chalk Sticks,Art
TEC-AC-10004633,Technology,Verbatim 25 GB 6x Blu-ray Single Layer Recordable Disc  3/Pack,Accessories
OFF-BI-10001078,Office Supplies,Acco PRESSTEX Data Binder with Storage Hooks  Dark Blue  14 7/8 X 11,Binders
OFF-PA-10003892,Office Supplies,Xerox 1943,Paper
FUR-FU-10000397,Furniture,Luxo Economy Swing Arm Lamp,Furnishings
FUR-CH-10001146,Furniture,Global Value Mid-Back Managers Chair  Gray,Chairs
OFF-AR-10002671,Office Supplies,Hunt BOSTON Model 1606 High-Volume Electric Pencil Sharpener  Beige,Art
TEC-PH-10002726,Technology,netTALK DUO VoIP Telephone Service,Phones
OFF-PA-10000482,Office Supplies,Snap-A-Way Black Print Carbonless Ruled Speed Letter  Triplicate,Paper
OFF-BI-10004654,Office Supplies,Avery Binding System Hidden Tab Executive Style Index Sets,Binders
OFF-PA-10004675,Office Supplies,Telephone Message Books with Fax/Mobile Section  5 1/2 x 3 3/16,Paper
FUR-CH-10000513,Furniture,High-Back Leather Managers Chair,Chairs
FUR-FU-10003708,Furniture,Tenex Traditional Chairmats for Medium Pile Carpet  Standard Lip  36 x 48,Furnishings
OFF-ST-10004123,Office Supplies,Safco Industrial Wire Shelving System,Storage
OFF-BI-10004182,Office Supplies,Economy Binders,Binders
FUR-FU-10000260,Furniture,6 Cubicle Wall Clock  Black,Furnishings
OFF-ST-10000615,Office Supplies,SimpliFile Personal File  Black Granite  15w x 6-15/16d x 11-1/4h,Storage
FUR-FU-10003194,Furniture,Eldon Expressions Desk Accessory  Wood Pencil Holder  Oak,Furnishings
OFF-AP-10002118,Office Supplies,1.7 Cubic Foot Compact Cube Office Refrigerators,Appliances
OFF-BI-10002309,Office Supplies,Avery Heavy-Duty EZD  Binder With Locking Rings,Binders
OFF-AR-10002053,Office Supplies,Premium Writing Pencils  Soft  #2 by Central Association for the Blind,Art
OFF-ST-10002370,Office Supplies,Sortfiler Multipurpose Personal File Organizer  Black,Storage
OFF-EN-10000927,Office Supplies,Jet-Pak Recycled Peel N Seal Padded Mailers,Envelopes
OFF-ST-10003656,Office Supplies,Safco Industrial Wire Shelving,Storage
FUR-CH-10000863,Furniture,Novimex Swivel Fabric Task Chair,Chairs
TEC-AC-10001998,Technology,Logitech LS21 Speaker System - PC Multimedia - 2.1-CH - Wired,Accessories
OFF-LA-10000134,Office Supplies,Avery 511,Labels
OFF-ST-10003442,Office Supplies,Eldon Portable Mobile Manager,Storage
OFF-AR-10004930,Office Supplies,Turquoise Lead Holder with Pocket Clip,Art
OFF-PA-10000304,Office Supplies,Xerox 1995,Paper
OFF-PA-10003177,Office Supplies,Xerox 1999,Paper
FUR-FU-10003799,Furniture,Seth Thomas 13 1/2 Wall Clock,Furnishings
OFF-BI-10002852,Office Supplies,Ibico Standard Transparent Covers,Binders
OFF-BI-10004738,Office Supplies,Flexible Leather- Look Classic Collection Ring Binder,Binders
FUR-FU-10000629,Furniture,9-3/4 Diameter Round Wall Clock,Furnishings
OFF-BI-10001721,Office Supplies,Trimflex Flexible Post Binders,Binders
OFF-AP-10000358,Office Supplies,Fellowes Basic Home/Office Series Surge Protectors,Appliances
OFF-PA-10003256,Office Supplies,Avery Personal Creations Heavyweight Cards,Paper
TEC-AC-10001767,Technology,SanDisk Ultra 64 GB MicroSDHC Class 10 Memory Card,Accessories
OFF-BI-10002609,Office Supplies,Avery Hidden Tab Dividers for Binding Systems,Binders
OFF-PA-10004040,Office Supplies,Universal Premium White Copier/Laser Paper (20Lb. and 87 Bright),Paper
TEC-AC-10001552,Technology,Logitech K350 2.4Ghz Wireless Keyboard,Accessories
FUR-FU-10004006,Furniture,Deflect-o DuraMat Lighweight  Studded  Beveled Mat for Low Pile Carpeting,Furnishings
OFF-BI-10002794,Office Supplies,Avery Trapezoid Ring Binder  3 Capacity  Black  1040 sheets,Binders
TEC-AC-10003499,Technology,Memorex Mini Travel Drive 8 GB USB 2.0 Flash Drive,Accessories
TEC-PH-10002844,Technology,Speck Products Candyshell Flip Case,Phones
OFF-AR-10000390,Office Supplies,Newell Chalk Holder,Art
TEC-AC-10000844,Technology,Logitech Gaming G510s - Keyboard,Accessories
FUR-FU-10001934,Furniture,Magnifier Swing Arm Lamp,Furnishings
OFF-AR-10000380,Office Supplies,Hunt PowerHouse Electric Pencil Sharpener  Blue,Art
OFF-BI-10003981,Office Supplies,Avery Durable Plastic 1 Binders,Binders
OFF-FA-10000621,Office Supplies,OIC Colored Binder Clips  Assorted Sizes,Fasteners
OFF-EN-10002600,Office Supplies,Redi-Strip #10 Envelopes  4 1/8 x 9 1/2,Envelopes
OFF-PA-10004965,Office Supplies,Xerox 1921,Paper
OFF-EN-10002504,Office Supplies,Tyvek  Top-Opening Peel & Seel Envelopes  Plain White,Envelopes
FUR-TA-10001768,Furniture,Hon Racetrack Conference Tables,Tables
OFF-BI-10003650,Office Supplies,GBC DocuBind 300 Electric Binding Machine,Binders
FUR-FU-10002157,Furniture,Artistic Insta-Plaque,Furnishings
OFF-ST-10000777,Office Supplies,Companion Letter/Legal File  Black,Storage
OFF-EN-10002500,Office Supplies,Globe Weis Peel & Seel First Class Envelopes,Envelopes
TEC-PH-10003875,Technology,KLD Oscar II Style Snap-on Ultra Thin Side Flip Synthetic Leather Cover Case for HTC One HTC M7,Phones
FUR-CH-10004063,Furniture,Global Deluxe High-Back Managers Chair,Chairs
FUR-TA-10004534,Furniture,Bevis 44 x 96 Conference Tables,Tables
OFF-BI-10003274,Office Supplies,Avery Durable Slant Ring Binders  No Labels,Binders
OFF-ST-10002974,Office Supplies,Trav-L-File Heavy-Duty Shuttle II  Black,Storage
FUR-FU-10003773,Furniture,Eldon Cleatmat Plus Chair Mats for High Pile Carpets,Furnishings
TEC-PH-10002293,Technology,Anker 36W 4-Port USB Wall Charger Travel Power Adapter for iPhone 5s 5c 5,Phones
OFF-PA-10002377,Office Supplies,Xerox 1916,Paper
OFF-FA-10002780,Office Supplies,Staples,Fasteners
OFF-PA-10001804,Office Supplies,Xerox 195,Paper
OFF-PA-10001736,Office Supplies,Xerox 1880,Paper
OFF-AR-10001149,Office Supplies,Sanford Colorific Colored Pencils  12/Box,Art
OFF-FA-10002988,Office Supplies,Ideal Clamps,Fasteners
OFF-BI-10004781,Office Supplies,GBC Wire Binding Strips,Binders
OFF-SU-10001218,Office Supplies,Fiskars Softgrip Scissors,Supplies
OFF-AR-10000940,Office Supplies,Newell 343,Art
OFF-EN-10004030,Office Supplies,Convenience Packs of Business Envelopes,Envelopes
OFF-PA-10004327,Office Supplies,Xerox 1911,Paper
OFF-AP-10001058,Office Supplies,Sanyo 2.5 Cubic Foot Mid-Size Office Refrigerators,Appliances
FUR-FU-10000521,Furniture,Seth Thomas 14 Putty-Colored Wall Clock,Furnishings
TEC-PH-10000215,Technology,Plantronics Cordless Phone Headset with In-line Volume - M214C,Phones
TEC-PH-10001448,Technology,Anker Astro 15000mAh USB Portable Charger,Phones
OFF-BI-10002735,Office Supplies,GBC Prestige Therm-A-Bind Covers,Binders
OFF-AP-10000326,Office Supplies,Belkin 7 Outlet SurgeMaster Surge Protector with Phone Protection,Appliances
TEC-PH-10001254,Technology,Jabra BIZ 2300 Duo QD Duo Corded Headset,Phones
OFF-PA-10001950,Office Supplies,Southworth 25% Cotton Antique Laid Paper & Envelopes,Paper
OFF-PA-10002254,Office Supplies,Xerox 1883,Paper
OFF-ST-10001590,Office Supplies,Tenex Personal Project File with Scoop Front Design  Black,Storage
OFF-AR-10001547,Office Supplies,Newell 311,Art
OFF-LA-10002475,Office Supplies,Avery 519,Labels
TEC-PH-10004536,Technology,Avaya 5420 Digital phone,Phones
OFF-PA-10002751,Office Supplies,Xerox 1920,Paper
TEC-AC-10003657,Technology,Lenovo 17-Key USB Numeric Keypad,Accessories
OFF-EN-10001990,Office Supplies,Staple envelope,Envelopes
OFF-BI-10004002,Office Supplies,Wilson Jones International Size A4 Ring Binders,Binders
OFF-AR-10004441,Office Supplies,BIC Brite Liner Highlighters,Art
TEC-MA-10000822,Technology,Lexmark MX611dhe Monochrome Laser Printer,Machines
OFF-ST-10000991,Office Supplies,Space Solutions HD Industrial Steel Shelving.,Storage
FUR-CH-10004287,Furniture,SAFCO Arco Folding Chair,Chairs
OFF-AR-10002656,Office Supplies,Sanford Liquid Accent Highlighters,Art
OFF-AP-10002518,Office Supplies,Kensington 7 Outlet MasterPiece Power Center,Appliances
TEC-PH-10003931,Technology,JBL Micro Wireless Portable Bluetooth Speaker,Phones
OFF-PA-10000659,Office Supplies,Adams Phone Message Book  Professional  400 Message Capacity  5 3/6” x 11”,Paper
OFF-PA-10001144,Office Supplies,Xerox 1913,Paper
FUR-CH-10003817,Furniture,Global Value Steno Chair  Gray,Chairs
OFF-AP-10000891,Office Supplies,Kensington 7 Outlet MasterPiece HOMEOFFICE Power Control Center,Appliances
OFF-LA-10003148,Office Supplies,Avery 51,Labels
OFF-AP-10002684,Office Supplies,Acco 7-Outlet Masterpiece Power Center  Wihtout Fax/Phone Line Protection,Appliances
FUR-CH-10004698,Furniture,Padded Folding Chairs  Black  4/Carton,Chairs
OFF-SU-10002189,Office Supplies,Acme Rosewood Handle Letter Opener,Supplies
OFF-AR-10001940,Office Supplies,Sanford Colorific Eraseable Coloring Pencils  12 Count,Art
OFF-ST-10003455,Office Supplies,Tenex File Box  Personal Filing Tote with Lid  Black,Storage
TEC-AC-10004659,Technology,Imation Secure+ Hardware Encrypted USB 2.0 Flash Drive; 16GB,Accessories
TEC-PH-10003273,Technology,AT&T TR1909W,Phones
TEC-PH-10004896,Technology,Nokia Lumia 521 (T-Mobile),Phones
TEC-AC-10002345,Technology,HP Standard 104 key PS/2 Keyboard,Accessories
OFF-BI-10001890,Office Supplies,Avery Poly Binder Pockets,Binders
TEC-AC-10002323,Technology,SanDisk Ultra 32 GB MicroSDHC Class 10 Memory Card,Accessories
OFF-ST-10001328,Office Supplies,Personal Filing Tote with Lid  Black/Gray,Storage
FUR-BO-10002613,Furniture,Atlantic Metals Mobile 4-Shelf Bookcases  Custom Colors,Bookcases
TEC-PH-10001552,Technology,I Needs 3d Hello Kitty Hybrid Silicone Case Cover for HTC One X 4g with 3d Hello Kitty Stylus Pen Green/pink,Phones
OFF-PA-10000061,Office Supplies,Xerox 205,Paper
OFF-AR-10003514,Office Supplies,4009 Highlighters by Sanford,Art
OFF-AR-10004685,Office Supplies,Binney & Smith Crayola Metallic Colored Pencils  8-Color Set,Art
OFF-AR-10004027,Office Supplies,Binney & Smith inkTank Erasable Desk Highlighter  Chisel Tip  Yellow  12/Box,Art
OFF-ST-10001414,Office Supplies,Decoflex Hanging Personal Folder File,Storage
OFF-BI-10000343,Office Supplies,Pressboard Covers with Storage Hooks  9 1/2 x 11  Light Blue,Binders
OFF-PA-10002749,Office Supplies,Wirebound Message Books  5-1/2 x 4 Forms  2 or 4 Forms per Page,Paper
OFF-PA-10002666,Office Supplies,Southworth 25% Cotton Linen-Finish Paper & Envelopes,Paper
FUR-TA-10004289,Furniture,BoxOffice By Design Rectangular and Half-Moon Meeting Room Tables,Tables
OFF-AP-10003622,Office Supplies,Bravo II Megaboss 12-Amp Hard Body Upright  Replacement Belts  2 Belts per Pack,Appliances
OFF-AP-10003217,Office Supplies,Eureka Sanitaire  Commercial Upright,Appliances
FUR-FU-10002960,Furniture,Eldon 200 Class Desk Accessories  Burgundy,Furnishings
TEC-PH-10001918,Technology,Nortel Business Series Terminal T7208 Digital phone,Phones
OFF-ST-10000642,Office Supplies,Tennsco Lockers  Gray,Storage
TEC-PH-10001700,Technology,Panasonic KX-TG6844B Expandable Digital Cordless Telephone,Phones
OFF-FA-10000134,Office Supplies,Advantus Push Pins  Aluminum Head,Fasteners
OFF-ST-10001522,Office Supplies,Gould Plastics 18-Pocket Panel Bin  34w x 5-1/4d x 20-1/2h,Storage
TEC-AC-10001266,Technology,Memorex Micro Travel Drive 8 GB,Accessories
OFF-LA-10004544,Office Supplies,Avery 505,Labels
FUR-BO-10004695,Furniture,OSullivan 2-Door Barrister Bookcase in Odessa Pine,Bookcases
TEC-MA-10000864,Technology,Cisco 9971 IP Video Phone Charcoal,Machines
TEC-AC-10000109,Technology,Sony Micro Vault Click 16 GB USB 2.0 Flash Drive,Accessories
TEC-PH-10002563,Technology,Adtran 1202752G1,Phones
OFF-FA-10000585,Office Supplies,OIC Bulk Pack Metal Binder Clips,Fasteners
OFF-PA-10004000,Office Supplies,While You Were Out Pads  50 per Pad  4 x 5 1/4  Green Cycle,Paper
FUR-FU-10000087,Furniture,Executive Impressions 14 Two-Color Numerals Wall Clock,Furnishings
TEC-MA-10001148,Technology,Swingline SM12-08 MicroCut Jam Free Shredder,Machines
OFF-AR-10001958,Office Supplies,Stanley Bostitch Contemporary Electric Pencil Sharpeners,Art
OFF-AR-10001026,Office Supplies,Sanford Uni-Blazer View Highlighters  Chisel Tip  Yellow,Art
FUR-TA-10003748,Furniture,Bevis 36 x 72 Conference Tables,Tables
OFF-ST-10002485,Office Supplies,Rogers Deluxe File Chest,Storage
FUR-CH-10004860,Furniture,Global Low Back Tilter Chair,Chairs
FUR-CH-10004477,Furniture,Global Push Button Managers Chair  Indigo,Chairs
OFF-BI-10001679,Office Supplies,GBC Instant Index System for Binding Systems,Binders
FUR-TA-10001705,Furniture,Bush Advantage Collection Round Conference Table,Tables
FUR-TA-10003473,Furniture,Bretford Rectangular Conference Table Tops,Tables
FUR-FU-10004017,Furniture,Tenex Contemporary Contur Chairmats for Low and Medium Pile Carpet  Computer  39 x 49,Furnishings
TEC-AC-10003832,Technology,Logitech P710e Mobile Speakerphone,Accessories
OFF-PA-10002479,Office Supplies,Xerox 4200 Series MultiUse Premium Copy Paper (20Lb. and 84 Bright),Paper
OFF-PA-10003349,Office Supplies,Xerox 1957,Paper
FUR-FU-10000576,Furniture,Luxo Professional Fluorescent Magnifier Lamp with Clamp-Mount Base,Furnishings
FUR-FU-10004351,Furniture,Staple-based wall hangings,Furnishings
TEC-PH-10000011,Technology,PureGear Roll-On Screen Protector,Phones
FUR-TA-10002607,Furniture,KI Conference Tables,Tables
FUR-FU-10002505,Furniture,Eldon 100 Class Desk Accessories,Furnishings
OFF-ST-10002276,Office Supplies,Safco Steel Mobile File Cart,Storage
OFF-PA-10004082,Office Supplies,Adams Telephone Message Book w/Frequently-Called Numbers Space  400 Messages per Book,Paper
OFF-AP-10002945,Office Supplies,Honeywell Enviracaire Portable HEPA Air Cleaner for 17 x 22 Room,Appliances
FUR-CH-10002965,Furniture,Global Leather Highback Executive Chair with Pneumatic Height Adjustment  Black,Chairs
OFF-PA-10004569,Office Supplies,Wirebound Message Books  Two 4 1/4 x 5 Forms per Page,Paper
OFF-ST-10001228,Office Supplies,Fellowes Personal Hanging Folder Files  Navy,Storage
OFF-EN-10003296,Office Supplies,Tyvek Side-Opening Peel & Seel Expanding Envelopes,Envelopes
OFF-ST-10004804,Office Supplies,Belkin 19 Vented Equipment Shelf  Black,Storage
TEC-PH-10001580,Technology,Logitech Mobile Speakerphone P710e - speaker phone,Phones
TEC-AC-10000290,Technology,Sabrent 4-Port USB 2.0 Hub,Accessories
OFF-ST-10002790,Office Supplies,Safco Industrial Shelving,Storage
OFF-BI-10003460,Office Supplies,Acco 3-Hole Punch,Binders
OFF-AP-10002203,Office Supplies,Eureka Disposable Bags for Sanitaire Vibra Groomer I Upright Vac,Appliances
TEC-MA-10003353,Technology,Xerox WorkCentre 6505DN Laser Multifunction Printer,Machines
TEC-PH-10001433,Technology,Cisco Small Business SPA 502G VoIP phone,Phones
TEC-AC-10004469,Technology,Microsoft Sculpt Comfort Mouse,Accessories
OFF-AR-10003602,Office Supplies,Quartet Omega Colored Chalk  12/Pack,Art
OFF-FA-10003472,Office Supplies,Bagged Rubber Bands,Fasteners
OFF-ST-10004180,Office Supplies,Safco Commercial Shelving,Storage
OFF-EN-10004386,Office Supplies,Recycled Interoffice Envelopes with String and Button Closure  10 x 13,Envelopes
OFF-ST-10003208,Office Supplies,Adjustable Depth Letter/Legal Cart,Storage
TEC-AC-10003628,Technology,Logitech 910-002974 M325 Wireless Mouse for Web Scrolling,Accessories
FUR-FU-10003274,Furniture,Regeneration Desk Collection,Furnishings
OFF-BI-10002557,Office Supplies,Presstex Flexible Ring Binders,Binders
OFF-PA-10002615,Office Supplies,Ampad Gold Fibre Wirebound Steno Books  6 x 9  Gregg Ruled,Paper
OFF-AR-10001427,Office Supplies,Newell 330,Art
OFF-PA-10000673,Office Supplies,Post-it “Important Message” Note Pad  Neon Colors  50 Sheets/Pad,Paper
OFF-PA-10004470,Office Supplies,Adams Write n Stick Phone Message Book  11 X 5 1/4  200 Messages,Paper
OFF-ST-10000876,Office Supplies,Eldon Simplefile Box Office,Storage
OFF-LA-10002043,Office Supplies,Avery 489,Labels
OFF-BI-10004967,Office Supplies,Round Ring Binders,Binders
TEC-PH-10001760,Technology,Bose SoundLink Bluetooth Speaker,Phones
FUR-TA-10002903,Furniture,Bevis Round Bullnose 29 High Table Top,Tables
OFF-PA-10000474,Office Supplies,Easy-staple paper,Paper
TEC-AC-10001956,Technology,Microsoft Arc Touch Mouse,Accessories
OFF-PA-10004100,Office Supplies,Xerox 216,Paper
OFF-BI-10000778,Office Supplies,GBC VeloBinder Electric Binding Machine,Binders
OFF-SU-10000646,Office Supplies,Premier Automatic Letter Opener,Supplies
OFF-FA-10002983,Office Supplies,Advantus SlideClip Paper Clips,Fasteners
OFF-LA-10004689,Office Supplies,Avery 512,Labels
TEC-AC-10002001,Technology,Logitech Wireless Gaming Headset G930,Accessories
FUR-BO-10004709,Furniture,Bush Westfield Collection Bookcases  Medium Cherry Finish,Bookcases
FUR-FU-10004091,Furniture,Howard Miller 13 Diameter Goldtone Round Wall Clock,Furnishings
FUR-CH-10001891,Furniture,Global Deluxe Office Fabric Chairs,Chairs
FUR-FU-10002918,Furniture,Eldon ClusterMat Chair Mat with Cordless Antistatic Protection,Furnishings
OFF-BI-10004593,Office Supplies,Ibico Laser Imprintable Binding System Covers,Binders
OFF-FA-10004854,Office Supplies,Vinyl Coated Wire Paper Clips in Organizer Box  800/Box,Fasteners
OFF-PA-10002105,Office Supplies,Xerox 223,Paper
OFF-ST-10002756,Office Supplies,Tennsco Stur-D-Stor Boltless Shelving  5 Shelves  24 Deep  Sand,Storage
OFF-PA-10004243,Office Supplies,Xerox 1939,Paper
FUR-FU-10001861,Furniture,Floodlight Indoor Halogen Bulbs  1 Bulb per Pack  60 Watts,Furnishings
OFF-BI-10002706,Office Supplies,Avery Premier Heavy-Duty Binder with Round Locking Rings,Binders
FUR-TA-10002533,Furniture,BPI Conference Tables,Tables
FUR-FU-10002671,Furniture,Electrix 20W Halogen Replacement Bulb for Zoom-In Desk Lamp,Furnishings
OFF-AR-10003651,Office Supplies,Newell 350,Art
OFF-BI-10001072,Office Supplies,GBC Clear Cover  8-1/2 x 11  unpunched  25 covers per pack,Binders
OFF-AR-10002135,Office Supplies,Boston Heavy-Duty Trimline Electric Pencil Sharpeners,Art
OFF-AR-10002804,Office Supplies,Faber Castell Col-Erase Pencils,Art
FUR-FU-10001918,Furniture,C-Line Cubicle Keepers Polyproplyene Holder With Velcro Backings,Furnishings
FUR-CH-10004086,Furniture,Hon 4070 Series Pagoda Armless Upholstered Stacking Chairs,Chairs
FUR-FU-10001756,Furniture,Eldon Expressions Desk Accessory  Wood Photo Frame  Mahogany,Furnishings
OFF-LA-10000634,Office Supplies,Avery 509,Labels
FUR-FU-10001588,Furniture,Deflect-o SuperTray Unbreakable Stackable Tray  Letter  Black,Furnishings
TEC-PH-10002398,Technology,AT&T 1070 Corded Phone,Phones
OFF-PA-10001937,Office Supplies,Xerox 21,Paper
OFF-AR-10003373,Office Supplies,Boston School Pro Electric Pencil Sharpener  1670,Art
FUR-CH-10002602,Furniture,DMI Arturo Collection Mission-style Design Wood Chair,Chairs
TEC-MA-10002927,Technology,Canon imageCLASS MF7460 Monochrome Digital Laser Multifunction Copier,Machines
TEC-AC-10000892,Technology,NETGEAR N750 Dual Band Wi-Fi Gigabit Router,Accessories
OFF-FA-10000624,Office Supplies,OIC Binder Clips,Fasteners
TEC-AC-10001908,Technology,Logitech Wireless Headset h800,Accessories
FUR-FU-10001967,Furniture,Telescoping Adjustable Floor Lamp,Furnishings
TEC-PH-10003645,Technology,Aastra 57i VoIP phone,Phones
OFF-ST-10000675,Office Supplies,File Shuttle II and Handi-File  Black,Storage
FUR-CH-10003312,Furniture,Hon 2090 “Pillow Soft” Series Mid Back Swivel/Tilt Chairs,Chairs
OFF-LA-10001074,Office Supplies,Round Specialty Laser Printer Labels,Labels
OFF-BI-10001524,Office Supplies,GBC Premium Transparent Covers with Diagonal Lined Pattern,Binders
TEC-PH-10004614,Technology,AT&T 841000 Phone,Phones
OFF-BI-10001153,Office Supplies,Ibico Recycled Grain-Textured Covers,Binders
OFF-BI-10001982,Office Supplies,Wilson Jones Custom Binder Spines & Labels,Binders
OFF-BI-10001922,Office Supplies,Storex Dura Pro Binders,Binders
TEC-CO-10001449,Technology,Hewlett Packard LaserJet 3310 Copier,Copiers
OFF-BI-10004140,Office Supplies,Avery Non-Stick Binders,Binders
OFF-BI-10003314,Office Supplies,Tuff Stuff Recycled Round Ring Binders,Binders
FUR-TA-10004575,Furniture,Hon 5100 Series Wood Tables,Tables
OFF-FA-10000490,Office Supplies,OIC Binder Clips  Mini  1/4 Capacity  Black,Fasteners
OFF-AR-10000122,Office Supplies,Newell 314,Art
TEC-PH-10000702,Technology,Square Credit Card Reader  4 1/2 x 4 1/2 x 1  White,Phones
OFF-AR-10001374,Office Supplies,BIC Brite Liner Highlighters  Chisel Tip,Art
OFF-PA-10001970,Office Supplies,Xerox 1881,Paper
OFF-BI-10002160,Office Supplies,Acco Hanging Data Binders,Binders
OFF-BI-10004995,Office Supplies,GBC DocuBind P400 Electric Binding System,Binders
FUR-BO-10002268,Furniture,Sauder Barrister Bookcases,Bookcases
OFF-EN-10001137,Office Supplies,#10 Gummed Flap White Envelopes  100/Box,Envelopes
OFF-AR-10002399,Office Supplies,Dixon Prang Watercolor Pencils  10-Color Set with Brush,Art
OFF-PA-10002713,Office Supplies,Adams Phone Message Book  200 Message Capacity  8 1/16” x 11”,Paper
OFF-AP-10001124,Office Supplies,Belkin 8 Outlet SurgeMaster II Gold Surge Protector with Phone Protection,Appliances
OFF-LA-10001158,Office Supplies,Avery Address/Shipping Labels for Typewriters  4 x 2,Labels
FUR-CH-10000785,Furniture,Global Ergonomic Managers Chair,Chairs
OFF-AR-10003732,Office Supplies,Newell 333,Art
FUR-FU-10000023,Furniture,Eldon Wave Desk Accessories,Furnishings
OFF-BI-10002412,Office Supplies,Wilson Jones “Snap” Scratch Pad Binder Tool for Ring Binders,Binders
OFF-SU-10001225,Office Supplies,Staple remover,Supplies
OFF-ST-10002406,Office Supplies,Pizazz Global Quick File,Storage
OFF-PA-10002036,Office Supplies,Xerox 1930,Paper
OFF-ST-10002205,Office Supplies,File Shuttle I and Handi-File,Storage
TEC-AC-10003911,Technology,NETGEAR AC1750 Dual Band Gigabit Smart WiFi Router,Accessories
OFF-AR-10000658,Office Supplies,Newell 324,Art
TEC-AC-10002076,Technology,Microsoft Natural Keyboard Elite,Accessories
OFF-PA-10003039,Office Supplies,Xerox 1960,Paper
FUR-TA-10004915,Furniture,Office Impressions End Table  20-1/2H x 24W x 20D,Tables
OFF-AP-10000696,Office Supplies,Holmes Odor Grabber,Appliances
OFF-ST-10003327,Office Supplies,Akro-Mils 12-Gallon Tote,Storage
OFF-BI-10000309,Office Supplies,GBC Twin Loop Wire Binding Elements  9/16 Spine  Black,Binders
OFF-PA-10004734,Office Supplies,Southworth Structures Collection,Paper
OFF-BI-10002225,Office Supplies,Square Ring Data Binders  Rigid 75 Pt. Covers  11 x 14-7/8,Binders
TEC-AC-10004708,Technology,Sony 32GB Class 10 Micro SDHC R40 Memory Card,Accessories
FUR-TA-10000617,Furniture,Hon Practical Foundations 30 x 60 Training Table  Light Gray/Charcoal,Tables
TEC-AC-10002335,Technology,Logitech Media Keyboard K200,Accessories
TEC-MA-10001681,Technology,Lexmark MarkNet N8150 Wireless Print Server,Machines
FUR-FU-10001935,Furniture,3M Hangers With Command Adhesive,Furnishings
OFF-AR-10004757,Office Supplies,Crayola Colored Pencils,Art
OFF-BI-10000050,Office Supplies,Angle-D Binders with Locking Rings  Label Holders,Binders
TEC-PH-10003012,Technology,Nortel Meridian M3904 Professional Digital phone,Phones
TEC-CO-10002313,Technology,Canon PC1080F Personal Copier,Copiers
OFF-BI-10003982,Office Supplies,Wilson Jones Century Plastic Molded Ring Binders,Binders
OFF-BI-10004492,Office Supplies,Tuf-Vin Binders,Binders
OFF-ST-10000798,Office Supplies,2300 Heavy-Duty Transfer File Systems by Perma,Storage
OFF-PA-10002552,Office Supplies,Xerox 1958,Paper
OFF-SU-10002573,Office Supplies,Acme 10 Easy Grip Assistive Scissors,Supplies
OFF-ST-10001580,Office Supplies,Super Decoflex Portable Personal File,Storage
OFF-ST-10000934,Office Supplies,Contico 72H Heavy-Duty Storage System,Storage
TEC-AC-10000158,Technology,Sony 64GB Class 10 Micro SDHC R40 Memory Card,Accessories
OFF-PA-10001947,Office Supplies,Xerox 1974,Paper
OFF-AR-10003478,Office Supplies,Avery Hi-Liter EverBold Pen Style Fluorescent Highlighters  4/Pack,Art
OFF-AP-10004249,Office Supplies,Staple holder,Appliances
TEC-CO-10004115,Technology,Sharp AL-1530CS Digital Copier,Copiers
OFF-PA-10003724,Office Supplies,Wirebound Message Book  4 per Page,Paper
FUR-TA-10002041,Furniture,Bevis Round Conference Table Top  X-Base,Tables
OFF-PA-10002893,Office Supplies,Wirebound Service Call Books  5 1/2 x 4,Paper
OFF-LA-10003766,Office Supplies,Self-Adhesive Removable Labels,Labels
FUR-BO-10001972,Furniture,OSullivan 4-Shelf Bookcase in Odessa Pine,Bookcases
FUR-CH-10003956,Furniture,Novimex High-Tech Fabric Mesh Task Chair,Chairs
OFF-PA-10000157,Office Supplies,Xerox 191,Paper
OFF-AR-10004344,Office Supplies,Bulldog Vacuum Base Pencil Sharpener,Art
FUR-CH-10004886,Furniture,Bevis Steel Folding Chairs,Chairs
OFF-PA-10003845,Office Supplies,Xerox 1987,Paper
OFF-AR-10001573,Office Supplies,American Pencil,Art
OFF-EN-10000483,Office Supplies,White Envelopes  White Envelopes with Clear Poly Window,Envelopes
TEC-AC-10004114,Technology,KeyTronic 6101 Series - Keyboard - Black,Accessories
FUR-FU-10004712,Furniture,Westinghouse Mesh Shade Clip-On Gooseneck Lamp  Black,Furnishings
OFF-ST-10000918,Office Supplies,Crate-A-Files,Storage
FUR-CH-10000015,Furniture,Hon Multipurpose Stacking Arm Chairs,Chairs
FUR-FU-10003347,Furniture,Coloredge Poster Frame,Furnishings
OFF-BI-10001543,Office Supplies,GBC VeloBinder Manual Binding System,Binders
TEC-MA-10000029,Technology,Epson WorkForce WF-2530 All-in-One Printer  Copier Scanner,Machines
OFF-AR-10000369,Office Supplies,Design Ebony Sketching Pencil,Art
OFF-BI-10004584,Office Supplies,GBC ProClick 150 Presentation Binding System,Binders
OFF-ST-10000617,Office Supplies,Woodgrain Magazine Files by Perma,Storage
OFF-ST-10003306,Office Supplies,Letter Size Cart,Storage
OFF-BI-10000773,Office Supplies,Insertable Tab Post Binder Dividers,Binders
TEC-AC-10002600,Technology,Belkin QODE FastFit Bluetooth Keyboard,Accessories
TEC-MA-10002937,Technology,Canon Color ImageCLASS MF8580Cdw Wireless Laser All-In-One Printer  Copier  Scanner,Machines
OFF-PA-10002230,Office Supplies,Xerox 1897,Paper
FUR-CH-10003396,Furniture,Global Deluxe Steno Chair,Chairs
FUR-FU-10000246,Furniture,Aluminum Document Frame,Furnishings
OFF-ST-10000060,Office Supplies,Fellowes Bankers Box Staxonsteel Drawer File/Stacking System,Storage
OFF-ST-10003058,Office Supplies,Eldon Mobile Mega Data Cart  Mega Stackable  Add-On Trays,Storage
OFF-PA-10002222,Office Supplies,Xerox Color Copier Paper  11 x 17  Ream,Paper
FUR-CH-10002372,Furniture,Office Star - Ergonomically Designed Knee Chair,Chairs
OFF-LA-10001317,Office Supplies,Avery 520,Labels
FUR-FU-10000206,Furniture,GE General Purpose  Extra Long Life  Showcase & Floodlight Incandescent Bulbs,Furnishings
OFF-AR-10000588,Office Supplies,Newell 345,Art
OFF-ST-10001469,Office Supplies,Fellowes Bankers Box Recycled Super Stor/Drawer,Storage
OFF-AR-10001953,Office Supplies,Boston 1645 Deluxe Heavier-Duty Electric Pencil Sharpener,Art
OFF-AR-10003156,Office Supplies,50 Colored Long Pencils,Art
OFF-AR-10004974,Office Supplies,Newell 342,Art
TEC-PH-10002365,Technology,Belkin Grip Candy Sheer Case / Cover for iPhone 5 and 5S,Phones
OFF-ST-10000142,Office Supplies,Deluxe Rollaway Locking File with Drawer,Storage
TEC-AC-10001772,Technology,Memorex Mini Travel Drive 16 GB USB 2.0 Flash Drive,Accessories
FUR-CH-10000225,Furniture,Global Geo Office Task Chair  Gray,Chairs
FUR-CH-10002331,Furniture,Hon 4700 Series Mobuis Mid-Back Task Chairs with Adjustable Arms,Chairs
OFF-EN-10001415,Office Supplies,Staple envelope,Envelopes
OFF-AP-10002472,Office Supplies,3M Office Air Cleaner,Appliances
TEC-AC-10004571,Technology,Logitech G700s Rechargeable Gaming Mouse,Accessories
OFF-BI-10001098,Office Supplies,Acco D-Ring Binder w/DublLock,Binders
FUR-TA-10001889,Furniture,Bush Advantage Collection Racetrack Conference Table,Tables
OFF-BI-10000315,Office Supplies,Poly Designer Cover & Back,Binders
OFF-SU-10003505,Office Supplies,Premier Electric Letter Opener,Supplies
OFF-AP-10002578,Office Supplies,Fellowes Premier Superior Surge Suppressor  10-Outlet  With Phone and Remote,Appliances
FUR-BO-10002824,Furniture,Bush Mission Pointe Library,Bookcases
OFF-BI-10002194,Office Supplies,Cardinal Hold-It CD Pocket,Binders
OFF-PA-10004071,Office Supplies,Eaton Premium Continuous-Feed Paper  25% Cotton  Letter Size  White  1000 Shts/Box,Paper
OFF-ST-10002743,Office Supplies,SAFCO Boltless Steel Shelving,Storage
FUR-BO-10001601,Furniture,Sauder Mission Library with Doors  Fruitwood Finish,Bookcases
TEC-PH-10002680,Technology,Samsung Galaxy Note 3,Phones
OFF-ST-10001321,Office Supplies,Decoflex Hanging Personal Folder File  Blue,Storage
OFF-PA-10001509,Office Supplies,Recycled Desk Saver Line While You Were Out Book  5 1/2 X 4,Paper
OFF-PA-10003465,Office Supplies,Xerox 1912,Paper
TEC-PH-10000149,Technology,Cisco SPA525G2 IP Phone - Wireless,Phones
OFF-AR-10003045,Office Supplies,Prang Colored Pencils,Art
OFF-ST-10000689,Office Supplies,Fellowes Strictly Business Drawer File  Letter/Legal Size,Storage
TEC-AC-10001445,Technology,Imation USB 2.0 Swivel Flash Drive USB flash drive - 4 GB - Pink,Accessories
TEC-AC-10002567,Technology,Logitech G602 Wireless Gaming Mouse,Accessories
OFF-LA-10003923,Office Supplies,Alphabetical Labels for Top Tab Filing,Labels
FUR-BO-10001337,Furniture,OSullivan Living Dimensions 2-Shelf Bookcases,Bookcases
TEC-PH-10001924,Technology,iHome FM Clock Radio with Lightning Dock,Phones
TEC-PH-10001363,Technology,Apple iPhone 5S,Phones
TEC-PH-10000376,Technology,Square Credit Card Reader,Phones
TEC-AC-10000303,Technology,Logitech M510 Wireless Mouse,Accessories
OFF-ST-10001809,Office Supplies,Fellowes Officeware Wire Shelving,Storage
OFF-EN-10003845,Office Supplies,Colored Envelopes,Envelopes
TEC-AC-10000991,Technology,Sony Micro Vault Click 8 GB USB 2.0 Flash Drive,Accessories
FUR-TA-10001857,Furniture,Balt Solid Wood Rectangular Table,Tables
OFF-EN-10001434,Office Supplies,Strathmore #10 Envelopes  Ultimate White,Envelopes
OFF-BI-10002498,Office Supplies,Clear Mylar Reinforcing Strips,Binders
FUR-FU-10004864,Furniture,Howard Miller 14-1/2 Diameter Chrome Round Wall Clock,Furnishings
FUR-FU-10000073,Furniture,Deflect-O Glasstique Clear Desk Accessories,Furnishings
OFF-BI-10001670,Office Supplies,Vinyl Sectional Post Binders,Binders
OFF-BI-10001658,Office Supplies,GBC Standard Therm-A-Bind Covers,Binders
FUR-CH-10001215,Furniture,Global Troy Executive Leather Low-Back Tilter,Chairs
OFF-BI-10000831,Office Supplies,Storex Flexible Poly Binders with Double Pockets,Binders
OFF-PA-10000357,Office Supplies,White Dual Perf Computer Printout Paper  2700 Sheets  1 Part  Heavyweight  20 lbs.  14 7/8 x 11,Paper
OFF-AR-10001662,Office Supplies,Rogers Handheld Barrel Pencil Sharpener,Art
OFF-AR-10003856,Office Supplies,Newell 344,Art
OFF-BI-10003527,Office Supplies,Fellowes PB500 Electric Punch Plastic Comb Binding Machine with Manual Bind,Binders
FUR-FU-10001290,Furniture,Executive Impressions Supervisor Wall Clock,Furnishings
TEC-AC-10002399,Technology,SanDisk Cruzer 32 GB USB Flash Drive,Accessories
OFF-AR-10003811,Office Supplies,Newell 327,Art
OFF-AR-10001246,Office Supplies,Newell 317,Art
TEC-CO-10003236,Technology,Canon Image Class D660 Copier,Copiers
OFF-ST-10004507,Office Supplies,Advantus Rolling Storage Box,Storage
OFF-PA-10001667,Office Supplies,Great White Multi-Use Recycled Paper (20Lb. and 84 Bright),Paper
OFF-ST-10004459,Office Supplies,Tennsco Single-Tier Lockers,Storage
OFF-ST-10000736,Office Supplies,Carina Double Wide Media Storage Towers in Natural & Black,Storage
OFF-BI-10000285,Office Supplies,XtraLife ClearVue Slant-D Ring Binders by Cardinal,Binders
TEC-PH-10003555,Technology,Motorola HK250 Universal Bluetooth Headset,Phones
OFF-FA-10002815,Office Supplies,Staples,Fasteners
FUR-CH-10003379,Furniture,Global Commerce Series High-Back Swivel/Tilt Chairs,Chairs
OFF-ST-10004963,Office Supplies,Eldon Gobal File Keepers,Storage
OFF-SU-10002881,Office Supplies,Martin Yale Chadless Opener Electric Letter Opener,Supplies
OFF-EN-10001335,Office Supplies,White Business Envelopes with Contemporary Seam  Recycled White Business Envelopes,Envelopes
FUR-CH-10000595,Furniture,Safco Contoured Stacking Chairs,Chairs
FUR-FU-10000448,Furniture,Tenex Chairmats For Use With Carpeted Floors,Furnishings
TEC-PH-10000984,Technology,Panasonic KX-TG9471B,Phones
OFF-ST-10001325,Office Supplies,Sterilite Officeware Hinged File Box,Storage
OFF-BI-10002429,Office Supplies,Premier Elliptical Ring Binder  Black,Binders
OFF-BI-10004528,Office Supplies,Cardinal Poly Pocket Divider Pockets for Ring Binders,Binders
OFF-AP-10001271,Office Supplies,Eureka The Boss Cordless Rechargeable Stick Vac,Appliances
FUR-CH-10002647,Furniture,Situations Contoured Folding Chairs  4/Set,Chairs
TEC-AC-10001432,Technology,Enermax Aurora Lite Keyboard,Accessories
TEC-PH-10002262,Technology,LG Electronics Tone+ HBS-730 Bluetooth Headset,Phones
TEC-AC-10001465,Technology,SanDisk Cruzer 64 GB USB Flash Drive,Accessories
TEC-PH-10002597,Technology,Xblue XB-1670-86 X16 Small Office Telephone - Titanium,Phones
FUR-FU-10000723,Furniture,Deflect-o EconoMat Studded  No Bevel Mat for Low Pile Carpeting,Furnishings
OFF-BI-10000404,Office Supplies,Avery Printable Repositionable Plastic Tabs,Binders
OFF-PA-10002986,Office Supplies,Xerox 1898,Paper
OFF-SU-10001935,Office Supplies,Staple remover,Supplies
FUR-CH-10002024,Furniture,HON 5400 Series Task Chairs for Big and Tall,Chairs
FUR-FU-10003039,Furniture,Howard Miller 11-1/2 Diameter Grantwood Wall Clock,Furnishings
OFF-FA-10004248,Office Supplies,Advantus T-Pin Paper Clips,Fasteners
OFF-ST-10001780,Office Supplies,Tennsco 16-Compartment Lockers with Coat Rack,Storage
OFF-AR-10003560,Office Supplies,Zebra Zazzle Fluorescent Highlighters,Art
OFF-LA-10001297,Office Supplies,Avery 473,Labels
FUR-TA-10004256,Furniture,Bretford “Just In Time” Height-Adjustable Multi-Task Work Tables,Tables
OFF-PA-10003441,Office Supplies,Xerox 226,Paper
OFF-BI-10000069,Office Supplies,GBC Prepunched Paper  19-Hole  for Binding Systems  24-lb,Binders
OFF-AP-10003914,Office Supplies,Sanitaire Vibra Groomer IR Commercial Upright Vacuum  Replacement Belts,Appliances
FUR-FU-10004020,Furniture,Advantus Panel Wall Acrylic Frame,Furnishings
OFF-FA-10003467,Office Supplies,Alliance Big Bands Rubber Bands  12/Pack,Fasteners
TEC-PH-10002496,Technology,Cisco SPA301,Phones
OFF-PA-10004530,Office Supplies,Personal Creations Ink Jet Cards and Labels,Paper
OFF-BI-10001107,Office Supplies,GBC White Gloss Covers  Plain Front,Binders
OFF-PA-10004451,Office Supplies,Xerox 222,Paper
FUR-CH-10004997,Furniture,Hon Every-Day Series Multi-Task Chairs,Chairs
TEC-PH-10000347,Technology,Cush Cases Heavy Duty Rugged Cover Case for Samsung Galaxy S5 - Purple,Phones
OFF-AR-10003394,Office Supplies,Newell 332,Art
OFF-PA-10001450,Office Supplies,Rediform S.O.S. Phone Message Books,Paper
OFF-SU-10001574,Office Supplies,Acme Value Line Scissors,Supplies
FUR-FU-10001475,Furniture,Contract Clock  14  Brown,Furnishings
OFF-SU-10004498,Office Supplies,Martin-Yale Premier Letter Opener,Supplies
TEC-PH-10000586,Technology,AT&T SB67148 SynJ,Phones
OFF-BI-10002764,Office Supplies,Recycled Pressboard Report Cover with Reinforced Top Hinge,Binders
OFF-LA-10003930,Office Supplies,Dot Matrix Printer Tape Reel Labels  White  5000/Box,Labels
TEC-PH-10003800,Technology,i.Sound Portable Power - 8000 mAh,Phones
OFF-PA-10002005,Office Supplies,Xerox 225,Paper
OFF-PA-10004101,Office Supplies,Xerox 1894,Paper
OFF-AR-10004078,Office Supplies,Newell 312,Art
OFF-AP-10004708,Office Supplies,Fellowes Superior 10 Outlet Split Surge Protector,Appliances
FUR-FU-10001979,Furniture,Dana Halogen Swing-Arm Architect Lamp,Furnishings
OFF-SU-10004115,Office Supplies,Acme Stainless Steel Office Snips,Supplies
TEC-PH-10001425,Technology,Mophie Juice Pack Helium for iPhone,Phones
TEC-PH-10003963,Technology,GE 2-Jack Phone Line Splitter,Phones
OFF-ST-10001490,Office Supplies,Hot File 7-Pocket  Floor Stand,Storage
OFF-PA-10002120,Office Supplies,Xerox 1889,Paper
OFF-BI-10000848,Office Supplies,Angle-D Ring Binders,Binders
TEC-PH-10003092,Technology,Motorola L804,Phones
OFF-LA-10004345,Office Supplies,Avery 493,Labels
OFF-PA-10001204,Office Supplies,Xerox 1972,Paper
TEC-PH-10004667,Technology,Cisco 8x8 Inc. 6753i IP Business Phone System,Phones
OFF-BI-10002949,Office Supplies,Prestige Round Ring Binders,Binders
FUR-FU-10003849,Furniture,DAX Metal Frame  Desktop  Stepped-Edge,Furnishings
FUR-FU-10000010,Furniture,DAX Value U-Channel Document Frames  Easel Back,Furnishings
OFF-BI-10002824,Office Supplies,Recycled Easel Ring Binders,Binders
TEC-PH-10002538,Technology,Grandstream GXP1160 VoIP phone,Phones
OFF-BI-10002103,Office Supplies,Cardinal Slant-D Ring Binder  Heavy Gauge Vinyl,Binders
FUR-CH-10004853,Furniture,Global Managers Adjustable Task Chair  Storm,Chairs
OFF-AP-10000179,Office Supplies,Honeywell Enviracaire Portable HEPA Air Cleaner for up to 10 x 16 Room,Appliances
OFF-ST-10001272,Office Supplies,Mini 13-1/2 Capacity Data Binder Rack  Pearl,Storage
FUR-FU-10000221,Furniture,Master Caster Door Stop  Brown,Furnishings
OFF-AP-10001563,Office Supplies,Belkin Premiere Surge Master II 8-outlet surge protector,Appliances
OFF-BI-10000605,Office Supplies,Acco Pressboard Covers with Storage Hooks  9 1/2 x 11  Executive Red,Binders
OFF-ST-10001963,Office Supplies,Tennsco Regal Shelving Units,Storage
TEC-AC-10001267,Technology,Imation 32GB Pocket Pro USB 3.0 Flash Drive - 32 GB - Black - 1 P ...,Accessories
TEC-PH-10002103,Technology,Jabra SPEAK 410,Phones
TEC-AC-10002857,Technology,Verbatim 25 GB 6x Blu-ray Single Layer Recordable Disc  1/Pack,Accessories
FUR-CH-10001482,Furniture,Office Star - Mesh Screen back chair with Vinyl seat,Chairs
OFF-BI-10001989,Office Supplies,Premium Transparent Presentation Covers by GBC,Binders
OFF-AP-10003287,Office Supplies,Tripp Lite TLP810NET Broadband Surge for Modem/Fax,Appliances
OFF-BI-10004728,Office Supplies,Wilson Jones Turn Tabs Binder Tool for Ring Binders,Binders
FUR-FU-10000732,Furniture,Eldon 200 Class Desk Accessories,Furnishings
OFF-ST-10000585,Office Supplies,Economy Rollaway Files,Storage
OFF-LA-10002787,Office Supplies,Avery 480,Labels
OFF-PA-10001934,Office Supplies,Xerox 1993,Paper
OFF-AP-10002457,Office Supplies,Eureka The Boss Plus 12-Amp Hard Box Upright Vacuum  Red,Appliances
OFF-FA-10003112,Office Supplies,Staples,Fasteners
OFF-AP-10002350,Office Supplies,Belkin F9H710-06 7 Outlet SurgeMaster Surge Protector,Appliances
TEC-AC-10001142,Technology,First Data FD10 PIN Pad,Accessories
TEC-AC-10001101,Technology,Sony 16GB Class 10 Micro SDHC R40 Memory Card,Accessories
OFF-AP-10002439,Office Supplies,Tripp Lite Isotel 8 Ultra 8 Outlet Metal Surge,Appliances
OFF-BI-10002827,Office Supplies,Avery Durable Poly Binders,Binders
OFF-EN-10002230,Office Supplies,Airmail Envelopes,Envelopes
OFF-ST-10001511,Office Supplies,Space Solutions Commercial Steel Shelving,Storage
OFF-SU-10004231,Office Supplies,Acme Tagit Stainless Steel Antibacterial Scissors,Supplies
TEC-PH-10004042,Technology,ClearOne Communications CHAT 70 OC Speaker Phone,Phones
FUR-FU-10003096,Furniture,Master Giant Foot Doorstop  Safety Yellow,Furnishings
FUR-FU-10002759,Furniture,12-1/2 Diameter Round Wall Clock,Furnishings
FUR-TA-10000688,Furniture,Chromcraft Bull-Nose Wood Round Conference Table Top  Wood Base,Tables
OFF-AR-10001954,Office Supplies,Newell 331,Art
OFF-AP-10004532,Office Supplies,Kensington 6 Outlet Guardian Standard Surge Protector,Appliances
OFF-PA-10002137,Office Supplies,Southworth 100% Résumé Paper  24lb.,Paper
OFF-AP-10000804,Office Supplies,Hoover Portapower Portable Vacuum,Appliances
TEC-AC-10003614,Technology,Verbatim 25 GB 6x Blu-ray Single Layer Recordable Disc  10/Pack,Accessories
FUR-FU-10003553,Furniture,Howard Miller 13-1/2 Diameter Rosebrook Wall Clock,Furnishings
OFF-BI-10004632,Office Supplies,Ibico Hi-Tech Manual Binding System,Binders
OFF-BI-10003305,Office Supplies,Avery Hanging File Binders,Binders
OFF-ST-10002583,Office Supplies,Fellowes Neat Ideas Storage Cubes,Storage
TEC-MA-10004125,Technology,Cubify CubeX 3D Printer Triple Head Print,Machines
OFF-LA-10001934,Office Supplies,Avery 516,Labels
FUR-BO-10004015,Furniture,Bush Andora Bookcase  Maple/Graphite Gray Finish,Bookcases
FUR-FU-10004071,Furniture,Luxo Professional Magnifying Clamp-On Fluorescent Lamps,Furnishings
OFF-ST-10002444,Office Supplies,Recycled Eldon Regeneration Jumbo File,Storage
TEC-AC-10002253,Technology,Imation Bio 8GB USB Flash Drive Imation Corp,Accessories
OFF-PA-10000743,Office Supplies,Xerox 1977,Paper
OFF-LA-10002312,Office Supplies,Avery 490,Labels
OFF-LA-10003510,Office Supplies,Avery 4027 File Folder Labels for Dot Matrix Printers  5000 Labels per Box  White,Labels
OFF-AR-10001118,Office Supplies,Binney & Smith Crayola Metallic Crayons  16-Color Pack,Art
OFF-BI-10001575,Office Supplies,GBC Linen Binding Covers,Binders
FUR-FU-10003394,Furniture,Tenex The Solids Textured Chair Mats,Furnishings
FUR-TA-10002774,Furniture,Laminate Occasional Tables,Tables
OFF-PA-10001800,Office Supplies,Xerox 220,Paper
OFF-AP-10001469,Office Supplies,Fellowes 8 Outlet Superior Workstation Surge Protector,Appliances
FUR-BO-10003272,Furniture,OSullivan Living Dimensions 5-Shelf Bookcases,Bookcases
OFF-EN-10001219,Office Supplies,#10- 4 1/8 x 9 1/2 Security-Tint Envelopes,Envelopes
OFF-AP-10001154,Office Supplies,Bionaire Personal Warm Mist Humidifier/Vaporizer,Appliances
TEC-AC-10001606,Technology,Logitech Wireless Performance Mouse MX for PC and Mac,Accessories
OFF-BI-10003355,Office Supplies,Cardinal Holdit Business Card Pockets,Binders
FUR-FU-10002253,Furniture,Howard Miller 13 Diameter Pewter Finish Round Wall Clock,Furnishings
OFF-PA-10004092,Office Supplies,Tops Green Bar Computer Printout Paper,Paper
FUR-TA-10000198,Furniture,Chromcraft Bull-Nose Wood Oval Conference Tables & Bases,Tables
OFF-ST-10000036,Office Supplies,Recycled Data-Pak for Archival Bound Computer Printouts  12-1/2 x 12-1/2 x 16,Storage
FUR-FU-10000222,Furniture,Seth Thomas 16 Steel Case Clock,Furnishings
OFF-SU-10004664,Office Supplies,Acme Softgrip Scissors,Supplies
OFF-EN-10001141,Office Supplies,Manila Recycled Extra-Heavyweight Clasp Envelopes  6 x 9,Envelopes
TEC-PH-10002170,Technology,ClearSounds CSC500 Amplified Spirit Phone Corded phone,Phones
OFF-PA-10001954,Office Supplies,Xerox 1964,Paper
FUR-TA-10002228,Furniture,Bevis Traditional Conference Table Top  Plinth Base,Tables
OFF-ST-10004634,Office Supplies,Personal Folder Holder  Ebony,Storage
TEC-AC-10003610,Technology,Logitech Illuminated - Keyboard,Accessories
FUR-BO-10001619,Furniture,OSullivan Cherrywood Estates Traditional Bookcase,Bookcases
OFF-BI-10000138,Office Supplies,Acco Translucent Poly Ring Binders,Binders
TEC-AC-10001383,Technology,Logitech Wireless Touch Keyboard K400,Accessories
OFF-LA-10003223,Office Supplies,Avery 508,Labels
OFF-BI-10004094,Office Supplies,GBC Standard Plastic Binding Systems Combs,Binders
OFF-PA-10004971,Office Supplies,Xerox 196,Paper
OFF-SU-10004261,Office Supplies,Fiskars 8 Scissors  2/Pack,Supplies
TEC-PH-10000004,Technology,Belkin iPhone and iPad Lightning Cable,Phones
OFF-BI-10003638,Office Supplies,GBC Durable Plastic Covers,Binders
FUR-FU-10003577,Furniture,Nu-Dell Leatherette Frames,Furnishings
OFF-BI-10000546,Office Supplies,Avery Durable Binders,Binders
TEC-CO-10002095,Technology,Hewlett Packard 610 Color Digital Copier / Printer,Copiers
FUR-TA-10001095,Furniture,Chromcraft Round Conference Tables,Tables
OFF-LA-10004484,Office Supplies,Avery 476,Labels
OFF-EN-10001532,Office Supplies,Brown Kraft Recycled Envelopes,Envelopes
TEC-AC-10003174,Technology,Plantronics S12 Corded Telephone Headset System,Accessories
OFF-BI-10004187,Office Supplies,3-ring staple pack,Binders
OFF-ST-10000025,Office Supplies,Fellowes Stor/Drawer Steel Plus Storage Drawers,Storage
FUR-FU-10004306,Furniture,Electrix Halogen Magnifier Lamp,Furnishings
FUR-CH-10003746,Furniture,Hon 4070 Series Pagoda Round Back Stacking Chairs,Chairs
OFF-BI-10001036,Office Supplies,Cardinal EasyOpen D-Ring Binders,Binders
OFF-BI-10000301,Office Supplies,GBC Instant Report Kit,Binders
OFF-AR-10004648,Office Supplies,Boston 19500 Mighty Mite Electric Pencil Sharpener,Art
FUR-FU-10002597,Furniture,C-Line Magnetic Cubicle Keepers  Clear Polypropylene,Furnishings
OFF-AR-10003405,Office Supplies,Dixon My First Ticonderoga Pencil  #2,Art
FUR-CH-10002335,Furniture,Hon GuestStacker Chair,Chairs
OFF-PA-10003657,Office Supplies,Xerox 1927,Paper
FUR-BO-10004409,Furniture,Safco Value Mate Series Steel Bookcases  Baked Enamel Finish on Steel  Gray,Bookcases
TEC-AC-10000057,Technology,Microsoft Natural Ergonomic Keyboard 4000,Accessories
OFF-EN-10000056,Office Supplies,Cameo Buff Policy Envelopes,Envelopes
OFF-BI-10000014,Office Supplies,Heavy-Duty E-Z-D Binders,Binders
FUR-CH-10004675,Furniture,Lifetime Advantage Folding Chairs  4/Carton,Chairs
OFF-BI-10001132,Office Supplies,Acco PRESSTEX Data Binder with Storage Hooks  Dark Blue  9 1/2 X 11,Binders
FUR-CH-10003199,Furniture,Office Star - Contemporary Task Swivel Chair,Chairs
TEC-PH-10001530,Technology,Cisco Unified IP Phone 7945G VoIP phone,Phones
OFF-LA-10001569,Office Supplies,Avery 499,Labels
OFF-PA-10000176,Office Supplies,Xerox 1887,Paper
OFF-LA-10002271,Office Supplies,Smead Alpha-Z Color-Coded Second Alphabetical Labels and Starter Set,Labels
FUR-FU-10004090,Furniture,Executive Impressions 14 Contract Wall Clock,Furnishings
OFF-AP-10000576,Office Supplies,Belkin 7 Outlet SurgeMaster II,Appliances
OFF-PA-10003953,Office Supplies,Xerox 218,Paper
FUR-FU-10000794,Furniture,Eldon Stackable Tray  Side-Load  Legal  Smoke,Furnishings
OFF-AR-10001897,Office Supplies,Model L Table or Wall-Mount Pencil Sharpener,Art
TEC-PH-10001795,Technology,ClearOne CHATAttach 160 - speaker phone,Phones
TEC-AC-10004901,Technology,Kensington SlimBlade Notebook Wireless Mouse with Nano Receiver,Accessories
OFF-AR-10003190,Office Supplies,Newell 32,Art
OFF-AP-10000240,Office Supplies,Belkin F9G930V10-GRY 9 Outlet Surge,Appliances
TEC-AC-10001838,Technology,Razer Tiamat Over Ear 7.1 Surround Sound PC Gaming Headset,Accessories
OFF-PA-10003651,Office Supplies,Xerox 1968,Paper
OFF-BI-10003094,Office Supplies,Self-Adhesive Ring Binder Labels,Binders
FUR-CH-10001394,Furniture,Global Leather Executive Chair,Chairs
OFF-BI-10004230,Office Supplies,GBC Recycled Grain Textured Covers,Binders
OFF-PA-10003395,Office Supplies,Xerox 1941,Paper
TEC-AC-10002402,Technology,Razer Kraken PRO Over Ear PC and Music Headset,Accessories
TEC-AC-10003441,Technology,Kingston Digital DataTraveler 32GB USB 2.0,Accessories
OFF-FA-10002280,Office Supplies,Advantus Plastic Paper Clips,Fasteners
OFF-SU-10000381,Office Supplies,Acme Forged Steel Scissors with Black Enamel Handles,Supplies
OFF-EN-10004459,Office Supplies,Security-Tint Envelopes,Envelopes
FUR-CH-10000665,Furniture,Global Airflow Leather Mesh Back Chair  Black,Chairs
OFF-AP-10003884,Office Supplies,Fellowes Smart Surge Ten-Outlet Protector  Platinum,Appliances
TEC-PH-10001557,Technology,Pyle PMP37LED,Phones
TEC-PH-10002085,Technology,Clarity 53712,Phones
OFF-AR-10002956,Office Supplies,Boston 16801 Nautilus Battery Pencil Sharpener,Art
OFF-AP-10003266,Office Supplies,Holmes Replacement Filter for HEPA Air Cleaner  Large Room,Appliances
TEC-MA-10004002,Technology,Zebra GX420t Direct Thermal/Thermal Transfer Printer,Machines
OFF-BI-10001071,Office Supplies,GBC ProClick Punch Binding System,Binders
OFF-PA-10001560,Office Supplies,Adams Telephone Message Books  5 1/4” x 11”,Paper
OFF-AR-10002578,Office Supplies,Newell 335,Art
FUR-BO-10001519,Furniture,OSullivan 3-Shelf Heavy-Duty Bookcases,Bookcases
OFF-BI-10001294,Office Supplies,Fellowes Binding Cases,Binders
OFF-BI-10001636,Office Supplies,Ibico Plastic and Wire Spiral Binding Combs,Binders
OFF-SU-10002503,Office Supplies,Acme Preferred Stainless Steel Scissors,Supplies
OFF-LA-10004093,Office Supplies,Avery 486,Labels
FUR-FU-10003878,Furniture,Linden 10 Round Wall Clock  Black,Furnishings
TEC-AC-10000710,Technology,Maxell DVD-RAM Discs,Accessories
OFF-AR-10002335,Office Supplies,DIXON Oriole Pencils,Art
OFF-PA-10001870,Office Supplies,Xerox 202,Paper
OFF-PA-10001019,Office Supplies,Xerox 1884,Paper
OFF-SU-10002537,Office Supplies,Acme Box Cutter Scissors,Supplies
OFF-ST-10003221,Office Supplies,Staple magnet,Storage
OFF-AR-10003752,Office Supplies,Deluxe Chalkboard Eraser Cleaner,Art
TEC-AC-10001714,Technology,Logitech MX Performance Wireless Mouse,Accessories
OFF-AR-10003958,Office Supplies,Newell 337,Art
TEC-PH-10002923,Technology,Logitech B530 USB Headset - headset - Full size  Binaural,Phones
OFF-LA-10004272,Office Supplies,Avery 482,Labels
FUR-FU-10000965,Furniture,Howard Miller 11-1/2 Diameter Ridgewood Wall Clock,Furnishings
OFF-LA-10004853,Office Supplies,Avery 483,Labels
OFF-BI-10003719,Office Supplies,Large Capacity Hanging Post Binders,Binders
OFF-BI-10000545,Office Supplies,GBC Ibimaster 500 Manual ProClick Binding System,Binders
OFF-PA-10003591,Office Supplies,Southworth 100% Cotton The Best Paper,Paper
OFF-PA-10001790,Office Supplies,Xerox 1910,Paper
TEC-AC-10002049,Technology,Logitech G19 Programmable Gaming Keyboard,Accessories
OFF-BI-10003712,Office Supplies,Acco Pressboard Covers with Storage Hooks  14 7/8 x 11  Light Blue,Binders
OFF-BI-10003984,Office Supplies,Lock-Up Easel Spel-Binder,Binders
FUR-FU-10001424,Furniture,Dax Clear Box Frame,Furnishings
OFF-BI-10002071,Office Supplies,Fellowes Black Plastic Comb Bindings,Binders
OFF-ST-10002486,Office Supplies,Eldon Shelf Savers Cubes and Bins,Storage
TEC-AC-10000927,Technology,Anker Ultrathin Bluetooth Wireless Keyboard Aluminum Cover with Stand,Accessories
OFF-PA-10001622,Office Supplies,Ampad Poly Cover Wirebound Steno Book  6 x 9 Assorted Colors  Gregg Ruled,Paper
OFF-AR-10003158,Office Supplies,Fluorescent Highlighters by Dixon,Art
TEC-PH-10002660,Technology,Nortel Networks T7316 E Nt8 B27,Phones
OFF-BI-10003364,Office Supplies,Binding Machine Supplies,Binders
OFF-EN-10001099,Office Supplies,Staple envelope,Envelopes
OFF-PA-10002250,Office Supplies,Things To Do Today Pad,Paper
OFF-BI-10004716,Office Supplies,Wilson Jones Hanging Recycled Pressboard Data Binders,Binders
OFF-LA-10001045,Office Supplies,Permanent Self-Adhesive File Folder Labels for Typewriters by Universal,Labels
OFF-BI-10001510,Office Supplies,Deluxe Heavy-Duty Vinyl Round Ring Binder,Binders
OFF-PA-10002947,Office Supplies,Xerox 1923,Paper
OFF-PA-10000019,Office Supplies,Xerox 1931,Paper
FUR-BO-10003441,Furniture,Bush Westfield Collection Bookcases  Fully Assembled,Bookcases
TEC-PH-10004774,Technology,Gear Head AU3700S Headset,Phones
OFF-BI-10003684,Office Supplies,Wilson Jones Legal Size Ring Binders,Binders
TEC-PH-10001494,Technology,Polycom CX600 IP Phone VoIP phone,Phones
TEC-AC-10004666,Technology,Maxell iVDR EX 500GB Cartridge,Accessories
OFF-ST-10003816,Office Supplies,Fellowes High-Stak Drawer Files,Storage
FUR-TA-10001520,Furniture,Lesro Sheffield Collection Coffee Table  End Table  Center Table  Corner Table,Tables
OFF-ST-10001558,Office Supplies,Acco Perma 4000 Stacking Storage Drawers,Storage
TEC-AC-10002473,Technology,Maxell 4.7GB DVD-R,Accessories
TEC-PH-10004531,Technology,OtterBox Commuter Series Case - iPhone 5 & 5s,Phones
OFF-AP-10004487,Office Supplies,Kensington 4 Outlet MasterPiece Compact Power Control Center,Appliances
OFF-PA-10003543,Office Supplies,Xerox 1985,Paper
TEC-AC-10004353,Technology,Hypercom P1300 Pinpad,Accessories
OFF-AR-10001468,Office Supplies,Sanford Prismacolor Professional Thick Lead Art Pencils  36-Color Set,Art
OFF-PA-10002195,Office Supplies,RSVP Cards & Envelopes  Blank White  8-1/2 X 11  24 Cards/25 Envelopes/Set,Paper
OFF-PA-10001745,Office Supplies,Wirebound Message Books  2 7/8 x 5  3 Forms per Page,Paper
OFF-BI-10004826,Office Supplies,JM Magazine Binder,Binders
OFF-PA-10000289,Office Supplies,Xerox 213,Paper
OFF-AP-10003040,Office Supplies,Fellowes 8 Outlet Superior Workstation Surge Protector w/o Phone/Fax/Modem Protection,Appliances
OFF-PA-10000350,Office Supplies,Message Book  Standard Line While You Were Out  5 1/2 X 4  200 Sets/Book,Paper
OFF-BI-10001759,Office Supplies,Acco Pressboard Covers with Storage Hooks  14 7/8 x 11  Dark Blue,Binders
OFF-ST-10001496,Office Supplies,Standard Rollaway File with Lock,Storage
OFF-BI-10002931,Office Supplies,Avery Trapezoid Extra Heavy Duty 4 Binders,Binders
FUR-TA-10002356,Furniture,Bevis Boat-Shaped Conference Table,Tables
FUR-FU-10003601,Furniture,Deflect-o RollaMat Studded  Beveled Mat for Medium Pile Carpeting,Furnishings
FUR-TA-10004154,Furniture,Riverside Furniture Oval Coffee Table  Oval End Table  End Table with Drawer,Tables
OFF-PA-10000788,Office Supplies,Xerox 210,Paper
FUR-FU-10001940,Furniture,Staple-based wall hangings,Furnishings
OFF-BI-10004465,Office Supplies,Avery Durable Slant Ring Binders,Binders
OFF-PA-10002333,Office Supplies,Universal Ultra Bright White Copier/Laser Paper  8 1/2 x 11  Ream,Paper
FUR-FU-10004188,Furniture,Luxo Professional Combination Clamp-On Lamps,Furnishings
OFF-BI-10000145,Office Supplies,Zipper Ring Binder Pockets,Binders
OFF-LA-10001613,Office Supplies,Avery File Folder Labels,Labels
OFF-LA-10004055,Office Supplies,Color-Coded Legal Exhibit Labels,Labels
OFF-PA-10004621,Office Supplies,Xerox 212,Paper
OFF-PA-10001281,Office Supplies,Computer Printout Paper with Letter-Trim Fine Perforations,Paper
OFF-ST-10001097,Office Supplies,Office Impressions Heavy Duty Welded Shelving & Multimedia Storage Drawers,Storage
FUR-FU-10001095,Furniture,DAX Black Cherry Wood-Tone Poster Frame,Furnishings
OFF-BI-10002012,Office Supplies,Wilson Jones Easy Flow II Sheet Lifters,Binders
OFF-PA-10004156,Office Supplies,Xerox 188,Paper
OFF-AR-10000034,Office Supplies,BIC Brite Liner Grip Highlighters  Assorted  5/Pack,Art
TEC-PH-10000560,Technology,Samsung Galaxy S III - 16GB - pebble blue (T-Mobile),Phones
OFF-EN-10000461,Office Supplies,#10- 4 1/8 x 9 1/2 Recycled Envelopes,Envelopes
TEC-MA-10003066,Technology,Wasp CCD Handheld Bar Code Reader,Machines
OFF-BI-10004022,Office Supplies,Acco Suede Grain Vinyl Round Ring Binder,Binders
OFF-AR-10001988,Office Supplies,Bulldog Table or Wall-Mount Pencil Sharpener,Art
OFF-PA-10003625,Office Supplies,Xerox 1979,Paper
OFF-BI-10003925,Office Supplies,Fellowes PB300 Plastic Comb Binding Machine,Binders
OFF-EN-10003862,Office Supplies,Laser & Ink Jet Business Envelopes,Envelopes
OFF-ST-10004258,Office Supplies,Portable Personal File Box,Storage
FUR-FU-10002885,Furniture,Magna Visual Magnetic Picture Hangers,Furnishings
TEC-AC-10003033,Technology,Plantronics CS510 - Over-the-Head monaural Wireless Headset System,Accessories
OFF-ST-10000046,Office Supplies,Fellowes Super Stor/Drawer Files,Storage
OFF-BI-10002049,Office Supplies,UniKeep View Case Binders,Binders
FUR-FU-10001602,Furniture,Eldon Delta Triangular Chair Mat  52 x 58  Clear,Furnishings
OFF-ST-10003722,Office Supplies,Project Tote Personal File,Storage
TEC-AC-10003198,Technology,Enermax Acrylux Wireless Keyboard,Accessories
FUR-FU-10002191,Furniture,G.E. Halogen Desk Lamp Bulbs,Furnishings
TEC-PH-10004188,Technology,OtterBox Commuter Series Case - Samsung Galaxy S4,Phones
OFF-ST-10001526,Office Supplies,Iceberg Mobile Mega Data/Printer Cart,Storage
OFF-AR-10001166,Office Supplies,Staples in misc. colors,Art
FUR-CH-10000309,Furniture,Global Comet Stacking Arm Chair,Chairs
TEC-MA-10004212,Technology,Cisco SPA525G2 5-Line IP Phone,Machines
OFF-EN-10003072,Office Supplies,Peel & Seel Envelopes,Envelopes
OFF-BI-10000320,Office Supplies,GBC Plastic Binding Combs,Binders
OFF-PA-10001166,Office Supplies,Xerox 2,Paper
OFF-PA-10003656,Office Supplies,Xerox 1935,Paper
TEC-PH-10000148,Technology,Cyber Acoustics AC-202b Speech Recognition Stereo Headset,Phones
TEC-PH-10003885,Technology,Cisco SPA508G,Phones
OFF-LA-10001175,Office Supplies,Avery 514,Labels
OFF-PA-10000955,Office Supplies,Southworth 25% Cotton Granite Paper & Envelopes,Paper
FUR-FU-10003975,Furniture,Eldon Advantage Chair Mats for Low to Medium Pile Carpets,Furnishings
OFF-BI-10003707,Office Supplies,Aluminum Screw Posts,Binders
OFF-AR-10000203,Office Supplies,Newell 336,Art
OFF-AR-10004790,Office Supplies,Staples in misc. colors,Art
TEC-AC-10004761,Technology,Maxell 4.7GB DVD+RW 3/Pack,Accessories
FUR-BO-10001811,Furniture,Atlantic Metals Mobile 5-Shelf Bookcases  Custom Colors,Bookcases
OFF-AR-10001130,Office Supplies,Quartet Alpha White Chalk  12/Pack,Art
OFF-AP-10000055,Office Supplies,Belkin F9S820V06 8 Outlet Surge,Appliances
FUR-CH-10002304,Furniture,Global Stack Chair without Arms  Black,Chairs
FUR-FU-10000293,Furniture,Eldon Antistatic Chair Mats for Low to Medium Pile Carpets,Furnishings
OFF-PA-10001307,Office Supplies,Important Message Pads  50 4-1/4 x 5-1/2 Forms per Pad,Paper
FUR-FU-10004460,Furniture,Howard Miller 12 Round Wall Clock,Furnishings
OFF-AR-10000716,Office Supplies,DIXON Ticonderoga Erasable Checking Pencils,Art
FUR-FU-10004622,Furniture,Eldon Advantage Foldable Chair Mats for Low Pile Carpets,Furnishings
OFF-BI-10003529,Office Supplies,Avery Round Ring Poly Binders,Binders
OFF-BI-10001097,Office Supplies,Avery Hole Reinforcements,Binders
OFF-BI-10001597,Office Supplies,Wilson Jones Ledger-Size  Piano-Hinge Binder  2  Blue,Binders
OFF-FA-10001754,Office Supplies,Stockwell Gold Paper Clips,Fasteners
OFF-FA-10004838,Office Supplies,Super Bands  12/Pack,Fasteners
TEC-PH-10002115,Technology,Plantronics 81402,Phones
OFF-FA-10003059,Office Supplies,Assorted Color Push Pins,Fasteners
OFF-BI-10004330,Office Supplies,GBC Velobind Prepunched Cover Sets  Regency Series,Binders
OFF-BI-10003669,Office Supplies,3M Organizer Strips,Binders
OFF-BI-10003727,Office Supplies,Avery Durable Slant Ring Binders With Label Holder,Binders
TEC-AC-10003447,Technology,Micropad Numeric Keypads,Accessories
OFF-AR-10000255,Office Supplies,Newell 328,Art
OFF-AP-10002191,Office Supplies,Belkin 8 Outlet SurgeMaster II Gold Surge Protector,Appliances
OFF-PA-10000349,Office Supplies,Easy-staple paper,Paper
FUR-CH-10002880,Furniture,Global High-Back Leather Tilter  Burgundy,Chairs
OFF-PA-10003127,Office Supplies,Easy-staple paper,Paper
TEC-MA-10003979,Technology,Ativa V4110MDD Micro-Cut Shredder,Machines
OFF-PA-10000029,Office Supplies,Xerox 224,Paper
OFF-LA-10000452,Office Supplies,Avery 488,Labels
TEC-PH-10001819,Technology,Innergie mMini Combo Duo USB Travel Charging Kit,Phones
OFF-AR-10002952,Office Supplies,Stanley Contemporary Battery Pencil Sharpeners,Art
TEC-PH-10000576,Technology,AT&T 1080 Corded phone,Phones
OFF-PA-10000605,Office Supplies,Xerox 1950,Paper
OFF-ST-10004340,Office Supplies,Fellowes Mobile File Cart  Black,Storage
OFF-BI-10004001,Office Supplies,GBC Recycled VeloBinder Covers,Binders
FUR-TA-10004147,Furniture,Hon 4060 Series Tables,Tables
OFF-AR-10001545,Office Supplies,Newell 326,Art
TEC-AC-10001013,Technology,Logitech ClearChat Comfort/USB Headset H390,Accessories
OFF-AR-10002255,Office Supplies,Newell 346,Art
OFF-PA-10001892,Office Supplies,Rediform Wirebound Phone Memo Message Book  11 x 5-3/4,Paper
OFF-BI-10003676,Office Supplies,GBC Standard Recycled Report Covers  Clear Plastic Sheets,Binders
OFF-FA-10003495,Office Supplies,Staples,Fasteners
OFF-EN-10003798,Office Supplies,Recycled Interoffice Envelopes with Re-Use-A-Seal Closure  10 x 13,Envelopes
TEC-PH-10003589,Technology,invisibleSHIELD by ZAGG Smudge-Free Screen Protector,Phones
OFF-PA-10004735,Office Supplies,Xerox 1905,Paper
FUR-BO-10002206,Furniture,Bush Saratoga Collection 5-Shelf Bookcase  Hanover Cherry  *Special Order,Bookcases
OFF-PA-10000141,Office Supplies,Ampad Evidence Wirebond Steno Books  6 x 9,Paper
TEC-PH-10001061,Technology,Apple iPhone 5C,Phones
OFF-AR-10002375,Office Supplies,Newell 351,Art
OFF-EN-10001539,Office Supplies,Staple envelope,Envelopes
FUR-TA-10004086,Furniture,KI Adjustable-Height Table,Tables
OFF-PA-10000100,Office Supplies,Xerox 1945,Paper
OFF-LA-10000973,Office Supplies,Avery 502,Labels
OFF-ST-10001476,Office Supplies,Steel Personal Filing/Posting Tote,Storage
OFF-EN-10002831,Office Supplies,Tyvek  Top-Opening Peel & Seel  Envelopes  Gray,Envelopes
OFF-PA-10001763,Office Supplies,Xerox 1896,Paper
OFF-BI-10002072,Office Supplies,Cardinal Slant-D Ring Binders,Binders
OFF-FA-10001561,Office Supplies,Stockwell Push Pins,Fasteners
TEC-MA-10004241,Technology,Star Micronics TSP800 TSP847IIU Receipt Printer,Machines
OFF-AP-10003849,Office Supplies,Hoover Shoulder Vac Commercial Portable Vacuum,Appliances
OFF-FA-10000735,Office Supplies,Staples,Fasteners
OFF-BI-10003350,Office Supplies,Acco Expandable Hanging Binders,Binders
TEC-PH-10000307,Technology,Shocksock Galaxy S4 Armband,Phones
TEC-CO-10004202,Technology,Brother DCP1000 Digital 3 in 1 Multifunction Machine,Copiers
FUR-FU-10001852,Furniture,Eldon Regeneration Recycled Desk Accessories  Smoke,Furnishings
OFF-AR-10003759,Office Supplies,Crayola Anti Dust Chalk  12/Pack,Art
OFF-ST-10004337,Office Supplies,SAFCO Commercial Wire Shelving  72h,Storage
FUR-TA-10001932,Furniture,Chromcraft 48 x 96 Racetrack Double Pedestal Table,Tables
FUR-CH-10002126,Furniture,Hon Deluxe Fabric Upholstered Stacking Chairs,Chairs
TEC-PH-10004700,Technology,PowerGen Dual USB Car Charger,Phones
OFF-BI-10003429,Office Supplies,Cardinal HOLDit! Binder Insert Strips Extra Strips,Binders
FUR-FU-10004952,Furniture,C-Line Cubicle Keepers Polyproplyene Holder w/Velcro Back  8-1/2x11  25/Bx,Furnishings
OFF-PA-10003172,Office Supplies,Xerox 1996,Paper
OFF-ST-10002352,Office Supplies,Iris Project Case,Storage
OFF-PA-10002259,Office Supplies,Geographics Note Cards  Blank  White  8 1/2 x 11,Paper
OFF-BI-10002976,Office Supplies,ACCOHIDE Binder by Acco,Binders
OFF-BI-10003694,Office Supplies,Avery 3 1/2 Diskette Storage Pages  10/Pack,Binders
OFF-LA-10004425,Office Supplies,Staple-on labels,Labels
FUR-CH-10001270,Furniture,Harbour Creations Steel Folding Chair,Chairs
TEC-PH-10004539,Technology,Wireless Extenders zBoost YX545 SOHO Signal Booster,Phones
OFF-AR-10001919,Office Supplies,OIC #2 Pencils  Medium Soft,Art
TEC-PH-10003655,Technology,Sannysis Cute Owl Design Soft Skin Case Cover for Samsung Galaxy S4,Phones
OFF-BI-10004656,Office Supplies,Peel & Stick Add-On Corner Pockets,Binders
OFF-ST-10002344,Office Supplies,Carina 42Hx23 3/4W Media Storage Unit,Storage
TEC-PH-10004447,Technology,Toshiba IPT2010-SD IP Telephone,Phones
FUR-CH-10003973,Furniture,GuestStacker Chair with Chrome Finish Legs,Chairs
OFF-PA-10000682,Office Supplies,Xerox 1924,Paper
FUR-FU-10002268,Furniture,Ultra Door Push Plate,Furnishings
TEC-AC-10001990,Technology,Kensington Orbit Wireless Mobile Trackball for PC and Mac,Accessories
FUR-CH-10004540,Furniture,Global Chrome Stack Chair,Chairs
OFF-ST-10002292,Office Supplies,Sauder Facets Collection Locker/File Cabinet  Sky Alder Finish,Storage
OFF-AR-10004999,Office Supplies,Newell 315,Art
OFF-BI-10001031,Office Supplies,Pressboard Data Binders by Wilson Jones,Binders
OFF-BI-10002432,Office Supplies,Wilson Jones Standard D-Ring Binders,Binders
FUR-FU-10001867,Furniture,Eldon Expressions Punched Metal & Wood Desk Accessories  Pewter & Cherry,Furnishings
TEC-PH-10002200,Technology,Samsung Galaxy Note 2,Phones
TEC-PH-10000439,Technology,GE DSL Phone Line Filter,Phones
OFF-PA-10001685,Office Supplies,Easy-staple paper,Paper
OFF-ST-10001418,Office Supplies,Carina Media Storage Towers in Natural & Black,Storage
OFF-ST-10000676,Office Supplies,Fellowes Econo/Stor Drawers,Storage
OFF-AR-10001022,Office Supplies,SANFORD Liquid Accent Tank-Style Highlighters,Art
OFF-EN-10003055,Office Supplies,Blue String-Tie & Button Interoffice Envelopes  10 x 13,Envelopes
TEC-CO-10001046,Technology,Canon Imageclass D680 Copier / Fax,Copiers
FUR-FU-10000076,Furniture,24-Hour Round Wall Clock,Furnishings
FUR-FU-10003268,Furniture,Eldon Radial Chair Mat for Low to Medium Pile Carpets,Furnishings
FUR-FU-10003691,Furniture,Eldon Image Series Desk Accessories  Ebony,Furnishings
OFF-AR-10003903,Office Supplies,Sanford 52201 APSCO Electric Pencil Sharpener,Art
TEC-PH-10003442,Technology,Samsung Replacement EH64AVFWE Premium Headset,Phones
OFF-BI-10004519,Office Supplies,GBC DocuBind P100 Manual Binding Machine,Binders
OFF-EN-10004955,Office Supplies,Fashion Color Clasp Envelopes,Envelopes
FUR-TA-10004619,Furniture,Hon Non-Folding Utility Tables,Tables
FUR-BO-10004467,Furniture,Bestar Classic Bookcase,Bookcases
OFF-AR-10002280,Office Supplies,Staples in misc. colors,Art
FUR-CH-10001708,Furniture,Office Star - Contemporary Swivel Chair with Padded Adjustable Arms and Flex Back,Chairs
OFF-AR-10000462,Office Supplies,Sanford Pocket Accent Highlighters,Art
TEC-PH-10004165,Technology,Mitel MiVoice 5330e IP Phone,Phones
FUR-FU-10003724,Furniture,Westinghouse Clip-On Gooseneck Lamps,Furnishings
FUR-FU-10003535,Furniture,Howard Miller Distant Time Traveler Alarm Clock,Furnishings
OFF-ST-10003716,Office Supplies,Tennsco Double-Tier Lockers,Storage
TEC-PH-10004586,Technology,Wilson SignalBoost 841262 DB PRO Amplifier Kit,Phones
OFF-BI-10004236,Office Supplies,XtraLife ClearVue Slant-D Ring Binder  White  3,Binders
OFF-AR-10000422,Office Supplies,Pencil and Crayon Sharpener,Art
OFF-PA-10002870,Office Supplies,Ampad Phone Message Book  Recycled  400 Message Capacity  5 ¾” x 11”,Paper
OFF-ST-10000563,Office Supplies,Fellowes Bankers Box Stor/Drawer Steel Plus,Storage
OFF-BI-10002854,Office Supplies,Performers Binder/Pad Holder  Black,Binders
FUR-CH-10001973,Furniture,Office Star Flex Back Scooter Chair with White Frame,Chairs
TEC-AC-10000580,Technology,Logitech G13 Programmable Gameboard with LCD Display,Accessories
OFF-AR-10004022,Office Supplies,Panasonic KP-380BK Classic Electric Pencil Sharpener,Art
TEC-AC-10004209,Technology,Memorex Froggy Flash Drive 4 GB,Accessories
TEC-AC-10000023,Technology,Maxell 74 Minute CD-R Spindle  50/Pack,Accessories
TEC-PH-10003505,Technology,Geemarc AmpliPOWER60,Phones
OFF-LA-10000121,Office Supplies,Avery 48,Labels
OFF-BI-10002026,Office Supplies,Avery Arch Ring Binders,Binders
OFF-PA-10000994,Office Supplies,Xerox 1915,Paper
OFF-BI-10002813,Office Supplies,Avery Reinforcements for Hole-Punch Pages,Binders
OFF-AR-10004817,Office Supplies,Colorific Watercolor Pencils,Art
OFF-AR-10001860,Office Supplies,BIC Liqua Brite Liner,Art
OFF-BI-10004970,Office Supplies,ACCOHIDE 3-Ring Binder  Blue  1,Binders
OFF-PA-10002968,Office Supplies,Xerox 1973,Paper
FUR-BO-10003433,Furniture,Sauder Cornerstone Collection Library,Bookcases
FUR-FU-10002554,Furniture,Westinghouse Floor Lamp with Metal Mesh Shade  Black,Furnishings
TEC-PH-10003437,Technology,Blue Parrot B250XT Professional Grade Wireless Bluetooth Headset with,Phones
OFF-AP-10003971,Office Supplies,Belkin 6 Outlet Metallic Surge Strip,Appliances
FUR-CH-10003846,Furniture,Hon Valutask Swivel Chairs,Chairs
OFF-LA-10001404,Office Supplies,Avery 517,Labels
OFF-LA-10001474,Office Supplies,Avery 477,Labels
OFF-PA-10003072,Office Supplies,Eureka Recycled Copy Paper 8 1/2 x 11  Ream,Paper
FUR-FU-10004960,Furniture,Seth Thomas 12 Clock w/ Goldtone Case,Furnishings
TEC-AC-10003116,Technology,Memorex Froggy Flash Drive 8 GB,Accessories
OFF-AP-10004859,Office Supplies,Acco 6 Outlet Guardian Premium Surge Suppressor,Appliances
OFF-PA-10002659,Office Supplies,Avoid Verbal Orders Carbonless Minifold Book,Paper
OFF-BI-10004139,Office Supplies,Fellowes Presentation Covers for Comb Binding Machines,Binders
OFF-AR-10002818,Office Supplies,Panasonic KP-310 Heavy-Duty Electric Pencil Sharpener,Art
OFF-AP-10001303,Office Supplies,Holmes Cool Mist Humidifier for the Whole House with 8-Gallon Output per Day  Extended Life Filter,Appliances
OFF-ST-10002574,Office Supplies,SAFCO Commercial Wire Shelving  Black,Storage
FUR-FU-10004018,Furniture,Tensor Computer Mounted Lamp,Furnishings
TEC-PH-10002549,Technology,Polycom SoundPoint IP 450 VoIP phone,Phones
OFF-PA-10004911,Office Supplies,Rediform S.O.S. 1-Up Phone Message Bk  4-1/4x3-1/16 Bk  1 Form/Pg  40 Messages/Bk  3/Pk,Paper
TEC-MA-10002178,Technology,Cisco CP-7937G Unified IP Conference Station Phone,Machines
OFF-AR-10000411,Office Supplies,Boston 16701 Slimline Battery Pencil Sharpener,Art
OFF-LA-10000262,Office Supplies,Avery 494,Labels
OFF-PA-10000466,Office Supplies,Memo Book  100 Message Capacity  5 3/8” x 11”,Paper
OFF-AR-10003829,Office Supplies,Newell 35,Art
OFF-BI-10001758,Office Supplies,Wilson Jones 14 Line Acrylic Coated Pressboard Data Binders,Binders
OFF-BI-10000136,Office Supplies,Avery Non-Stick Heavy Duty View Round Locking Ring Binders,Binders
OFF-ST-10000649,Office Supplies,Hanging Personal Folder File,Storage
OFF-PA-10003641,Office Supplies,Xerox 1909,Paper
FUR-CH-10002961,Furniture,Leather Task Chair  Black,Chairs
OFF-PA-10004041,Office Supplies,Its Hot Message Books with Stickers  2 3/4 x 5,Paper
TEC-PH-10001336,Technology,Digium D40 VoIP phone,Phones
TEC-MA-10003183,Technology,DYMO CardScan Personal V9 Business Card Scanner,Machines
TEC-AC-10001314,Technology,Case Logic 2.4GHz Wireless Keyboard,Accessories
TEC-AC-10004510,Technology,Logitech Desktop MK120 Mouse and keyboard Combo,Accessories
OFF-BI-10000042,Office Supplies,Pressboard Data Binder  Crimson  12 X 8 1/2,Binders
FUR-TA-10003008,Furniture,Lesro Round Back Collection Coffee Table  End Table,Tables
OFF-AP-10003590,Office Supplies,Hoover WindTunnel Plus Canister Vacuum,Appliances
OFF-PA-10000806,Office Supplies,Xerox 1934,Paper
OFF-AR-10000896,Office Supplies,Newell 329,Art
TEC-PH-10002310,Technology,Panasonic KX T7731-B Digital phone,Phones
OFF-ST-10002289,Office Supplies,Safco Wire Cube Shelving System  For Use as 4 or 5 14 Cubes  Black,Storage
OFF-PA-10001289,Office Supplies,White Computer Printout Paper by Universal,Paper
OFF-FA-10000053,Office Supplies,Revere Boxed Rubber Bands by Revere,Fasteners
OFF-EN-10003001,Office Supplies,Ames Color-File Green Diamond Border X-ray Mailers,Envelopes
FUR-TA-10002958,Furniture,Bevis Oval Conference Table  Walnut,Tables
FUR-TA-10001676,Furniture,Hon 61000 Series Interactive Training Tables,Tables
OFF-BI-10000822,Office Supplies,Acco PRESSTEX Data Binder with Storage Hooks  Light Blue  9 1/2 X 11,Binders
OFF-PA-10004888,Office Supplies,Xerox 217,Paper
FUR-TA-10002622,Furniture,Bush Andora Conference Table  Maple/Graphite Gray Finish,Tables
OFF-PA-10000418,Office Supplies,Xerox 189,Paper
FUR-TA-10001039,Furniture,KI Adjustable-Height Table,Tables
OFF-AR-10002240,Office Supplies,Panasonic KP-150 Electric Pencil Sharpener,Art
OFF-BI-10002867,Office Supplies,GBC Recycled Regency Composition Covers,Binders
FUR-FU-10003976,Furniture,DAX Executive Solid Wood Document Frame  Desktop or Hang  Mahogany  5 x 7,Furnishings
TEC-PH-10002922,Technology,ShoreTel ShorePhone IP 230 VoIP phone,Phones
OFF-PA-10000501,Office Supplies,Petty Cash Envelope,Paper
OFF-AP-10004980,Office Supplies,3M Replacement Filter for Office Air Cleaner for 20 x 33 Room,Appliances
TEC-PH-10001750,Technology,Samsung Rugby III,Phones
OFF-BI-10003708,Office Supplies,Acco Four Pocket Poly Ring Binder with Label Holder  Smoke  1,Binders
OFF-BI-10001191,Office Supplies,Canvas Sectional Post Binders,Binders
OFF-PA-10003673,Office Supplies,Strathmore Photo Mount Cards,Paper
OFF-PA-10001639,Office Supplies,Xerox 203,Paper
TEC-AC-10004975,Technology,Plantronics Audio 995 Wireless Stereo Headset,Accessories
OFF-BI-10004364,Office Supplies,Storex Dura Pro Binders,Binders
OFF-PA-10001712,Office Supplies,Xerox 1948,Paper
FUR-CH-10004289,Furniture,Global Super Steno Chair,Chairs
TEC-PH-10002564,Technology,OtterBox Defender Series Case - Samsung Galaxy S4,Phones
OFF-BI-10004876,Office Supplies,Wilson Jones Suede Grain Vinyl Binders,Binders
TEC-PH-10004348,Technology,OtterBox Defender Series Case - iPhone 5c,Phones
OFF-BI-10004352,Office Supplies,Wilson Jones DublLock D-Ring Binders,Binders
OFF-BI-10000666,Office Supplies,Surelock Post Binders,Binders
TEC-MA-10000010,Technology,Hewlett-Packard Deskjet 3050a All-in-One Color Inkjet Printer,Machines
OFF-BI-10000977,Office Supplies,Ibico Plastic Spiral Binding Combs,Binders
FUR-TA-10002530,Furniture,Iceberg OfficeWorks 42 Round Tables,Tables
FUR-FU-10001473,Furniture,DAX Wood Document Frame,Furnishings
OFF-BI-10001765,Office Supplies,Wilson Jones Heavy-Duty Casebound Ring Binders with Metal Hinges,Binders
FUR-CH-10000847,Furniture,Global Executive Mid-Back Managers Chair,Chairs
OFF-PA-10001293,Office Supplies,Xerox 1946,Paper
OFF-AR-10000634,Office Supplies,Newell 320,Art
FUR-FU-10004270,Furniture,Eldon Image Series Desk Accessories  Burgundy,Furnishings
OFF-AR-10003770,Office Supplies,Newell 340,Art
OFF-LA-10003121,Office Supplies,Avery 506,Labels
OFF-PA-10002262,Office Supplies,Xerox 192,Paper
OFF-PA-10002464,Office Supplies,HP Office Recycled Paper (20Lb. and 87 Bright),Paper
OFF-ST-10002214,Office Supplies,X-Rack File for Hanging Folders,Storage
OFF-PA-10000130,Office Supplies,Xerox 199,Paper
TEC-AC-10000865,Technology,WD My Passport Ultra 500GB Portable External Hard Drive,Accessories
OFF-FA-10003021,Office Supplies,Staples,Fasteners
TEC-PH-10003580,Technology,Cisco IP Phone 7961G-GE VoIP phone,Phones
TEC-AC-10001109,Technology,Logitech Trackman Marble Mouse,Accessories
OFF-PA-10001838,Office Supplies,Adams Telephone Message Book W/Dividers/Space For Phone Numbers  5 1/4X8 1/2  300/Messages,Paper
OFF-ST-10004950,Office Supplies,Acco Perma 3000 Stacking Storage Drawers,Storage
OFF-PA-10003823,Office Supplies,Xerox 197,Paper
TEC-PH-10001300,Technology,iKross Bluetooth Portable Keyboard + Cell Phone Stand Holder + Brush for Apple iPhone 5S 5C 5  4S 4,Phones
FUR-TA-10003715,Furniture,Hon 2111 Invitation Series Corner Table,Tables
TEC-MA-10004458,Technology,Lexmark X 9575 Professional All-in-One Color Printer,Machines
OFF-BI-10004965,Office Supplies,Ibico Covers for Plastic or Wire Binding Elements,Binders
OFF-AR-10001419,Office Supplies,Newell 325,Art
OFF-PA-10002586,Office Supplies,Xerox 1970,Paper
OFF-AR-10002221,Office Supplies,12 Colored Short Pencils,Art
FUR-FU-10002456,Furniture,Master Caster Door Stop  Large Neon Orange,Furnishings
OFF-FA-10004968,Office Supplies,Rubber Band Ball,Fasteners
OFF-PA-10001274,Office Supplies,Loose Memo Sheets,Paper
OFF-PA-10001125,Office Supplies,Xerox 1988,Paper
OFF-ST-10000344,Office Supplies,Neat Ideas Personal Hanging Folder Files  Black,Storage
OFF-ST-10003324,Office Supplies,Belkin OmniView SE Rackmount Kit,Storage
OFF-ST-10000419,Office Supplies,Rogers Jumbo File  Granite,Storage
OFF-AP-10001626,Office Supplies,Commercial WindTunnel Clean Air Upright Vacuum  Replacement Belts  Filtration Bags,Appliances
FUR-FU-10003981,Furniture,Eldon Wave Desk Accessories,Furnishings
OFF-ST-10001291,Office Supplies,Tenex Personal Self-Stacking Standard File Box  Black/Gray,Storage
OFF-AP-10004868,Office Supplies,Hoover Commercial Soft Guard Upright Vacuum And Disposable Filtration Bags,Appliances
OFF-LA-10002195,Office Supplies,Avery 481,Labels
OFF-AR-10001315,Office Supplies,Newell 310,Art
OFF-EN-10003134,Office Supplies,Staple envelope,Envelopes
OFF-AR-10001955,Office Supplies,Newell 319,Art
OFF-LA-10001641,Office Supplies,Avery 518,Labels
OFF-ST-10001370,Office Supplies,Sensible Storage WireTech Storage Systems,Storage
TEC-AC-10003038,Technology,Kingston Digital DataTraveler 16GB USB 2.0,Accessories
OFF-BI-10000088,Office Supplies,GBC Imprintable Covers,Binders
OFF-AR-10003504,Office Supplies,Newell 347,Art
OFF-EN-10003160,Office Supplies,Pastel Pink Envelopes,Envelopes
TEC-AC-10003280,Technology,Belkin F8E887 USB Wired Ergonomic Keyboard,Accessories
TEC-PH-10000169,Technology,ARKON Windshield Dashboard Air Vent Car Mount Holder,Phones
OFF-PA-10001526,Office Supplies,Xerox 1949,Paper
OFF-AP-10004336,Office Supplies,Conquest 14 Commercial Heavy-Duty Upright Vacuum  Collection System  Accessory Kit,Appliances
OFF-PA-10001357,Office Supplies,Xerox 1886,Paper
OFF-FA-10000992,Office Supplies,Acco Clips to Go Binder Clips  24 Clips in Two Sizes,Fasteners
OFF-AR-10001221,Office Supplies,Dixon Ticonderoga Erasable Colored Pencil Set  12-Color,Art
TEC-PH-10004830,Technology,Pyle PRT45 Retro Home Telephone,Phones
OFF-PA-10004519,Office Supplies,Spiral Phone Message Books with Labels by Adams,Paper
FUR-BO-10000362,Furniture,Sauder Inglewood Library Bookcases,Bookcases
OFF-PA-10000308,Office Supplies,Xerox 1901,Paper
OFF-SU-10001165,Office Supplies,Acme Elite Stainless Steel Scissors,Supplies
FUR-FU-10001488,Furniture,Tenex 46 x 60 Computer Anti-Static Chairmat  Rectangular Shaped,Furnishings
OFF-AR-10003251,Office Supplies,Prang Drawing Pencil Set,Art
OFF-AR-10001044,Office Supplies,BOSTON Ranger #55 Pencil Sharpener  Black,Art
OFF-AR-10000823,Office Supplies,Newell 307,Art
OFF-AR-10004456,Office Supplies,Panasonic KP-4ABK Battery-Operated Pencil Sharpener,Art
OFF-BI-10000591,Office Supplies,Avery Binder Labels,Binders
TEC-PH-10000441,Technology,VTech DS6151,Phones
TEC-AC-10004855,Technology,V7 USB Numeric Keypad,Accessories
OFF-AR-10001915,Office Supplies,Peel-Off China Markers,Art
OFF-ST-10000352,Office Supplies,Acco Perma 2700 Stacking Storage Drawers,Storage
OFF-PA-10000575,Office Supplies,Wirebound Message Books  Four 2 3/4 x 5 White Forms per Page,Paper
FUR-FU-10002937,Furniture,GE 48 Fluorescent Tube  Cool White Energy Saver  34 Watts  30/Box,Furnishings
TEC-AC-10003063,Technology,Micro Innovations USB RF Wireless Keyboard with Mouse,Accessories
FUR-FU-10004415,Furniture,Stacking Tray  Side-Loading  Legal  Smoke,Furnishings
OFF-ST-10002011,Office Supplies,Smead Adjustable Mobile File Trolley with Lockable Top,Storage
TEC-PH-10000038,Technology,Jawbone MINI JAMBOX Wireless Bluetooth Speaker,Phones
OFF-PA-10002689,Office Supplies,Weyerhaeuser First Choice Laser/Copy Paper (20Lb. and 88 Bright),Paper
TEC-CO-10001766,Technology,Canon PC940 Copier,Copiers
OFF-PA-10004359,Office Supplies,Multicolor Computer Printout Paper,Paper
OFF-FA-10001135,Office Supplies,Brites Rubber Bands  1 1/2 oz. Box,Fasteners
OFF-BI-10004224,Office Supplies,Catalog Binders with Expanding Posts,Binders
TEC-PH-10003357,Technology,Grandstream GXP2100 Mainstream Business Phone,Phones
OFF-PA-10004475,Office Supplies,Xerox 1940,Paper
OFF-PA-10003001,Office Supplies,Xerox 1986,Paper
OFF-FA-10000611,Office Supplies,Binder Clips by OIC,Fasteners
OFF-BI-10001116,Office Supplies,Wilson Jones 1 Hanging DublLock Ring Binders,Binders
TEC-PH-10004922,Technology,RCA Visys Integrated PBX 8-Line Router,Phones
OFF-BI-10002353,Office Supplies,GBC VeloBind Cover Sets,Binders
OFF-FA-10002676,Office Supplies,Colored Push Pins,Fasteners
TEC-AC-10003023,Technology,Logitech G105 Gaming Keyboard,Accessories
OFF-PA-10000167,Office Supplies,Xerox 1925,Paper
TEC-PH-10002185,Technology,QVS USB Car Charger 2-Port 2.1Amp for iPod/iPhone/iPad/iPad 2/iPad 3,Phones
FUR-FU-10000758,Furniture,DAX Natural Wood-Tone Poster Frame,Furnishings
TEC-MA-10004679,Technology,StarTech.com 10/100 VDSL2 Ethernet Extender Kit,Machines
OFF-AP-10002495,Office Supplies,Acco Smartsocket Table Surge Protector  6 Color-Coded Adapter Outlets,Appliances
OFF-BI-10002414,Office Supplies,GBC ProClick Spines for 32-Hole Punch,Binders
TEC-AC-10003133,Technology,Memorex Mini Travel Drive 4 GB USB 2.0 Flash Drive,Accessories
TEC-AC-10002006,Technology,Memorex Micro Travel Drive 16 GB,Accessories
OFF-LA-10002381,Office Supplies,Avery 497,Labels
OFF-FA-10001843,Office Supplies,Staples,Fasteners
OFF-LA-10003077,Office Supplies,Avery 500,Labels
OFF-PA-10003424,Office Supplies,While you Were Out Message Book  One Form per Page,Paper
OFF-PA-10004405,Office Supplies,Rediform Voice Mail Log Books,Paper
FUR-BO-10003965,Furniture,OSullivan Manor Hill 2-Door Library in Brianna Oak,Bookcases
FUR-FU-10002088,Furniture,Nu-Dell Float Frame 11 x 14 1/2,Furnishings
TEC-AC-10000736,Technology,Logitech G600 MMO Gaming Mouse,Accessories
FUR-BO-10003966,Furniture,Sauder Facets Collection Library  Sky Alder Finish,Bookcases
OFF-AP-10000828,Office Supplies,Avanti 4.4 Cu. Ft. Refrigerator,Appliances
OFF-AP-10002906,Office Supplies,Hoover Replacement Belt for Commercial Guardsman Heavy-Duty Upright Vacuum,Appliances
OFF-AP-10003860,Office Supplies,Fellowes Advanced 8 Outlet Surge Suppressor with Phone/Fax Protection,Appliances
FUR-TA-10001307,Furniture,SAFCO PlanMaster Heigh-Adjustable Drafting Table Base  43w x 30d x 30-37h  Black,Tables
OFF-PA-10001457,Office Supplies,White GlueTop Scratch Pads,Paper
OFF-AP-10002082,Office Supplies,Holmes HEPA Air Purifier,Appliances
TEC-AC-10003590,Technology,TRENDnet 56K USB 2.0 Phone  Internet and Fax Modem,Accessories
OFF-PA-10004355,Office Supplies,Xerox 231,Paper
OFF-PA-10004947,Office Supplies,Easy-staple paper,Paper
FUR-TA-10004607,Furniture,Hon 2111 Invitation Series Straight Table,Tables
OFF-PA-10003893,Office Supplies,Xerox 1962,Paper
TEC-PH-10001817,Technology,Wilson Electronics DB Pro Signal Booster,Phones
FUR-BO-10000330,Furniture,Sauder Camden County Barrister Bookcase  Planked Cherry Finish,Bookcases
OFF-BI-10001900,Office Supplies,DXL Angle-View Binders with Locking Rings  Black,Binders
FUR-BO-10003159,Furniture,Sauder Camden County Collection Libraries  Planked Cherry Finish,Bookcases
FUR-FU-10001591,Furniture,Advantus Panel Wall Certificate Holder - 8.5x11,Furnishings
OFF-LA-10002034,Office Supplies,Avery 478,Labels
OFF-BI-10001628,Office Supplies,Acco Data Flex Cable Posts For Top & Bottom Load Binders  6 Capacity,Binders
OFF-ST-10000877,Office Supplies,Recycled Steel Personal File for Standard File Folders,Storage
OFF-AR-10004752,Office Supplies,Blackstonian Pencils,Art
OFF-PA-10000675,Office Supplies,Xerox 1919,Paper
OFF-PA-10001609,Office Supplies,Tops Wirebound Message Log Books,Paper
TEC-PH-10001615,Technology,AT&T CL82213,Phones
TEC-AC-10004568,Technology,Maxell LTO Ultrium - 800 GB,Accessories
FUR-CH-10001854,Furniture,Office Star - Professional Matrix Back Chair with 2-to-1 Synchro Tilt and Mesh Fabric Seat,Chairs
OFF-AR-10000475,Office Supplies,Hunt BOSTON Vista Battery-Operated Pencil Sharpener  Black,Art
TEC-PH-10000455,Technology,GE 30522EE2,Phones
OFF-PA-10001994,Office Supplies,Ink Jet Note and Greeting Cards  8-1/2 x 5-1/2 Card Size,Paper
TEC-AC-10002926,Technology,Logitech Wireless Marathon Mouse M705,Accessories
TEC-PH-10004897,Technology,Mediabridge Sport Armband iPhone 5s,Phones
FUR-FU-10001196,Furniture,DAX Cubicle Frames - 8x10,Furnishings
OFF-PA-10000595,Office Supplies,Xerox 1929,Paper
OFF-LA-10000443,Office Supplies,Avery 501,Labels
OFF-LA-10001771,Office Supplies,Avery 513,Labels
OFF-AP-10001394,Office Supplies,Harmony Air Purifier,Appliances
FUR-FU-10002553,Furniture,Electrix Incandescent Magnifying Lamp  Black,Furnishings
OFF-AP-10004233,Office Supplies,Honeywell Enviracaire Portable Air Cleaner for up to 8 x 10 Room,Appliances
FUR-CH-10004754,Furniture,Global Stack Chair with Arms  Black,Chairs
OFF-PA-10000809,Office Supplies,Xerox 206,Paper
FUR-FU-10002878,Furniture,Seth Thomas 14 Day/Date Wall Clock,Furnishings
TEC-PH-10002624,Technology,Samsung Galaxy S4 Mini,Phones
TEC-PH-10002885,Technology,Apple iPhone 5,Phones
TEC-PH-10000895,Technology,Polycom VVX 310 VoIP phone,Phones
TEC-MA-10000488,Technology,Bady BDG101FRU Card Printer,Machines
OFF-PA-10003729,Office Supplies,Xerox 1998,Paper
OFF-AP-10001005,Office Supplies,Honeywell Quietcare HEPA Air Cleaner,Appliances
FUR-CH-10000988,Furniture,Hon Olson Stacker Stools,Chairs
FUR-FU-10001986,Furniture,Dana Fluorescent Magnifying Lamp  White  36,Furnishings
FUR-FU-10004973,Furniture,Flat Face Poster Frame,Furnishings
OFF-ST-10000464,Office Supplies,Multi-Use Personal File Cart and Caster Set  Three Stacking Bins,Storage
OFF-PA-10000528,Office Supplies,Xerox 1981,Paper
OFF-PA-10003129,Office Supplies,Tops White Computer Printout Paper,Paper
OFF-AR-10003631,Office Supplies,Staples in misc. colors,Art
OFF-BI-10002133,Office Supplies,Wilson Jones Elliptical Ring 3 1/2 Capacity Binders  800 sheets,Binders
TEC-PH-10004959,Technology,Classic Ivory Antique Telephone ZL1810,Phones
FUR-BO-10001918,Furniture,Sauder Forest Hills Library with Doors  Woodland Oak Finish,Bookcases
FUR-FU-10001617,Furniture,Executive Impressions 8-1/2 Career Panel/Partition Cubicle Clock,Furnishings
TEC-PH-10002824,Technology,Jabra SPEAK 410 Multidevice Speakerphone,Phones
OFF-PA-10003309,Office Supplies,Xerox 211,Paper
OFF-ST-10002554,Office Supplies,Tennsco Industrial Shelving,Storage
OFF-AR-10002067,Office Supplies,Newell 334,Art
FUR-TA-10004175,Furniture,Hon 30 x 60 Table with Locking Drawer,Tables
FUR-TA-10004767,Furniture,Safco Drafting Table,Tables
OFF-EN-10002621,Office Supplies,Staple envelope,Envelopes
OFF-LA-10003714,Office Supplies,Avery 510,Labels
FUR-FU-10001889,Furniture,Ultra Door Pull Handle,Furnishings
OFF-AR-10003723,Office Supplies,Avery Hi-Liter Fluorescent Desk Style Markers,Art
OFF-PA-10000241,Office Supplies,IBM Multi-Purpose Copy Paper  8 1/2 x 11  Case,Paper
OFF-AR-10001446,Office Supplies,Newell 309,Art
OFF-BI-10001359,Office Supplies,GBC DocuBind TL300 Electric Binding System,Binders
OFF-EN-10001749,Office Supplies,Jiffy Padded Mailers with Self-Seal Closure,Envelopes
OFF-BI-10004390,Office Supplies,GBC DocuBind 200 Manual Binding Machine,Binders
TEC-PH-10004924,Technology,SKILCRAFT Telephone Shoulder Rest  2 x 6.5 x 2.5  Black,Phones
FUR-CH-10000155,Furniture,Global Comet Stacking Armless Chair,Chairs
OFF-BI-10001757,Office Supplies,Pressboard Hanging Data Binders for Unburst Sheets,Binders
FUR-FU-10004093,Furniture,Hand-Finished Solid Wood Document Frame,Furnishings
FUR-FU-10001037,Furniture,DAX Charcoal/Nickel-Tone Document Frame  5 x 7,Furnishings
OFF-PA-10001878,Office Supplies,Xerox 1891,Paper
TEC-MA-10003674,Technology,Hewlett-Packard Deskjet 5550 Printer,Machines
OFF-LA-10003190,Office Supplies,Avery 474,Labels
TEC-PH-10001809,Technology,Panasonic KX T7736-B Digital phone,Phones
OFF-BI-10003091,Office Supplies,GBC DocuBind TL200 Manual Binding Machine,Binders
FUR-CH-10003981,Furniture,Global Commerce Series Low-Back Swivel/Tilt Chairs,Chairs
OFF-ST-10002562,Office Supplies,Staple magnet,Storage
TEC-PH-10004345,Technology,Cisco SPA 502G IP Phone,Phones
TEC-PH-10001198,Technology,Avaya 4621SW VoIP phone,Phones
OFF-PA-10001972,Office Supplies,Xerox 214,Paper
TEC-PH-10002483,Technology,Motorola Moto X,Phones
FUR-BO-10000468,Furniture,OSullivan 2-Shelf Heavy-Duty Bookcases,Bookcases
TEC-AC-10001284,Technology,Enermax Briskie RF Wireless Keyboard and Mouse Combo,Accessories
OFF-BI-10002082,Office Supplies,GBC Twin Loop Wire Binding Elements,Binders
OFF-ST-10001505,Office Supplies,Perma STOR-ALL Hanging File Box  13 1/8W x 12 1/4D x 10 1/2H,Storage
OFF-AR-10004582,Office Supplies,BIC Brite Liner Grip Highlighters,Art
TEC-AC-10002842,Technology,WD My Passport Ultra 2TB Portable External Hard Drive,Accessories
OFF-AP-10004785,Office Supplies,Holmes Replacement Filter for HEPA Air Cleaner  Medium Room,Appliances
TEC-AC-10002217,Technology,Imation Clip USB flash drive - 8 GB,Accessories
OFF-BI-10002954,Office Supplies,Newell 3-Hole Punched Plastic Slotted Magazine Holders for Binders,Binders
OFF-AP-10003281,Office Supplies,Acco 6 Outlet Guardian Standard Surge Suppressor,Appliances
OFF-SU-10000898,Office Supplies,Acme Hot Forged Carbon Steel Scissors with Nickel-Plated Handles  3 7/8 Cut  8L,Supplies
OFF-BI-10001249,Office Supplies,Avery Heavy-Duty EZD View Binder with Locking Rings,Binders
TEC-AC-10002718,Technology,Belkin Standard 104 key USB Keyboard,Accessories
TEC-PH-10002352,Technology,Avaya IP Phone 1140E VoIP phone,Phones
FUR-CH-10003774,Furniture,Global Wood Trimmed Managers Task Chair  Khaki,Chairs
OFF-AR-10000127,Office Supplies,Newell 321,Art
TEC-PH-10003811,Technology,Jabra Supreme Plus Driver Edition Headset,Phones
OFF-BI-10002393,Office Supplies,Binder Posts,Binders
FUR-TA-10002855,Furniture,Bevis Round Conference Table Top & Single Column Base,Tables
OFF-EN-10000781,Office Supplies,#10- 4 1/8 x 9 1/2 Recycled Envelopes,Envelopes
OFF-PA-10002160,Office Supplies,Xerox 1978,Paper
OFF-AR-10002257,Office Supplies,Eldon Spacemaker Box  Quick-Snap Lid  Clear,Art
OFF-FA-10004395,Office Supplies,Plymouth Boxed Rubber Bands by Plymouth,Fasteners
OFF-AP-10002534,Office Supplies,3.6 Cubic Foot Counter Height Office Refrigerator,Appliances
FUR-BO-10003034,Furniture,OSullivan Elevations Bookcase  Cherry Finish,Bookcases
OFF-ST-10000943,Office Supplies,Eldon ProFile File N Store Portable File Tub Letter/Legal Size Black,Storage
OFF-PA-10000533,Office Supplies,Southworth Parchment Paper & Envelopes,Paper
OFF-ST-10001172,Office Supplies,Tennsco Lockers  Sand,Storage
OFF-PA-10001661,Office Supplies,Xerox 1922,Paper
OFF-BI-10004817,Office Supplies,GBC Personal VeloBind Strips,Binders
FUR-CH-10003833,Furniture,Novimex Fabric Task Chair,Chairs
FUR-FU-10003142,Furniture,Master Big Foot Doorstop  Beige,Furnishings
TEC-AC-10001114,Technology,Microsoft Wireless Mobile Mouse 4000,Accessories
OFF-FA-10002975,Office Supplies,Staples,Fasteners
OFF-ST-10003996,Office Supplies,Letter/Legal File Tote with Clear Snap-On Lid  Black Granite,Storage
OFF-BI-10002571,Office Supplies,Avery Framed View Binder  EZD Ring (Locking)  Navy  1 1/2,Binders
OFF-PA-10000477,Office Supplies,Xerox 1952,Paper
OFF-BI-10004209,Office Supplies,Fellowes Twister Kit  Gray/Clear  3/pkg,Binders
TEC-AC-10002800,Technology,Plantronics Audio 478 Stereo USB Headset,Accessories
FUR-TA-10003954,Furniture,Hon 94000 Series Round Tables,Tables
TEC-AC-10003289,Technology,Anker Ultra-Slim Mini Bluetooth 3.0 Wireless Keyboard,Accessories
TEC-PH-10002468,Technology,Plantronics CS 50-USB - headset - Convertible  Monaural,Phones
OFF-PA-10001295,Office Supplies,Computer Printout Paper with Letter-Trim Perforations,Paper
OFF-LA-10000248,Office Supplies,Avery 52,Labels
OFF-FA-10004076,Office Supplies,Translucent Push Pins by OIC,Fasteners
OFF-LA-10004008,Office Supplies,Avery 507,Labels
OFF-AR-10001177,Office Supplies,Newell 349,Art
OFF-BI-10001718,Office Supplies,GBC DocuBind P50 Personal Binding Machine,Binders
OFF-AR-10004602,Office Supplies,Boston KS Multi-Size Manual Pencil Sharpener,Art
OFF-ST-10000078,Office Supplies,Tennsco 6- and 18-Compartment Lockers,Storage
OFF-AR-10004272,Office Supplies,Newell 308,Art
TEC-PH-10001578,Technology,Polycom SoundStation2 EX Conference phone,Phones
OFF-ST-10003638,Office Supplies,Mobile Personal File Cube,Storage
FUR-BO-10002213,Furniture,DMI Eclipse Executive Suite Bookcases,Bookcases
OFF-EN-10003040,Office Supplies,Quality Park Security Envelopes,Envelopes
TEC-PH-10000923,Technology,Belkin SportFit Armband For iPhone 5s/5c  Fuchsia,Phones
FUR-FU-10003623,Furniture,DataProducts Ampli Magnifier Task Lamp  Black,Furnishings
OFF-AP-10000124,Office Supplies,Acco 6 Outlet Guardian Basic Surge Suppressor,Appliances
OFF-AR-10004511,Office Supplies,Sanford Colorific Scented Colored Pencils  12/Pack,Art
OFF-PA-10003883,Office Supplies,Message Book  Phone  Wirebound Standard Line Memo  2 3/4 X 5,Paper
TEC-PH-10002807,Technology,Motorla HX550 Universal Bluetooth Headset,Phones
FUR-FU-10002364,Furniture,Eldon Expressions Wood Desk Accessories  Oak,Furnishings
OFF-SU-10001664,Office Supplies,Acme Office Executive Series Stainless Steel Trimmers,Supplies
FUR-TA-10003238,Furniture,Chromcraft Bull-Nose Wood 48 x 96 Rectangular Conference Tables,Tables
TEC-PH-10001536,Technology,Spigen Samsung Galaxy S5 Case Wallet,Phones
OFF-AR-10004956,Office Supplies,Newell 33,Art
OFF-AR-10003696,Office Supplies,Panasonic KP-350BK Electric Pencil Sharpener with Auto Stop,Art
OFF-PA-10000551,Office Supplies,Array Memo Cubes,Paper
OFF-BI-10004506,Office Supplies,Wilson Jones data.warehouse D-Ring Binders with DublLock,Binders
OFF-PA-10000740,Office Supplies,Xerox 1982,Paper
FUR-CH-10002084,Furniture,Hon Mobius Operators Chair,Chairs
OFF-AP-10000692,Office Supplies,Fellowes Mighty 8 Compact Surge Protector,Appliances
OFF-AP-10000252,Office Supplies,Harmony HEPA Quiet Air Purifiers,Appliances
FUR-FU-10004748,Furniture,Howard Miller 16 Diameter Gallery Wall Clock,Furnishings
OFF-AR-10000538,Office Supplies,Boston Model 1800 Electric Pencil Sharpener  Gray,Art
TEC-PH-10001079,Technology,Polycom SoundPoint Pro SE-225 Corded phone,Phones
OFF-AP-10003842,Office Supplies,Euro-Pro Shark Turbo Vacuum,Appliances
FUR-CH-10000553,Furniture,Metal Folding Chairs  Beige  4/Carton,Chairs
OFF-AR-10003469,Office Supplies,Nontoxic Chalk,Art
OFF-PA-10003790,Office Supplies,Xerox 1991,Paper
FUR-BO-10002202,Furniture,Atlantic Metals Mobile 2-Shelf Bookcases  Custom Colors,Bookcases
OFF-AP-10002765,Office Supplies,Fellowes Advanced Computer Series Surge Protectors,Appliances
OFF-ST-10003692,Office Supplies,Recycled Steel Personal File for Hanging File Folders,Storage
TEC-PH-10001051,Technology,HTC One,Phones
OFF-AR-10000817,Office Supplies,Manco Dry-Lighter Erasable Highlighter,Art
OFF-SU-10000952,Office Supplies,Fiskars Home & Office Scissors,Supplies
FUR-FU-10004597,Furniture,Eldon Cleatmat Chair Mats for Medium Pile Carpets,Furnishings
OFF-BI-10002982,Office Supplies,Avery Self-Adhesive Photo Pockets for Polaroid Photos,Binders
OFF-PA-10004285,Office Supplies,Xerox 1959,Paper
OFF-AP-10001391,Office Supplies,Kensington 6 Outlet MasterPiece HOMEOFFICE Power Control Center,Appliances
TEC-PH-10001944,Technology,Wi-Ex zBoost YX540 Cellular Phone Signal Booster,Phones
OFF-PA-10001776,Office Supplies,Wirebound Message Books  Four 2 3/4 x 5 Forms per Page  600 Sets per Book,Paper
TEC-AC-10004145,Technology,Logitech diNovo Edge Keyboard,Accessories
OFF-PA-10003919,Office Supplies,Xerox 1989,Paper
OFF-PA-10002001,Office Supplies,Xerox 1984,Paper
OFF-PA-10002787,Office Supplies,Xerox 227,Paper
OFF-ST-10003123,Office Supplies,Fellowes Bases and Tops For Staxonsteel/High-Stak Systems,Storage
FUR-FU-10000308,Furniture,Deflect-o Glass Clear Studded Chair Mats,Furnishings
TEC-CO-10003763,Technology,Canon PC1060 Personal Laser Copier,Copiers
FUR-TA-10001866,Furniture,Bevis Round Conference Room Tables and Bases,Tables
OFF-AP-10002222,Office Supplies,Staple holder,Appliances
OFF-PA-10003971,Office Supplies,Xerox 1965,Paper
OFF-AP-10004036,Office Supplies,Bionaire 99.97% HEPA Air Cleaner,Appliances
OFF-AP-10002287,Office Supplies,Eureka Sanitaire  Multi-Pro Heavy-Duty Upright  Disposable Bags,Appliances
FUR-TA-10001950,Furniture,Balt Solid Wood Round Tables,Tables
TEC-PH-10001527,Technology,Plantronics MX500i Earset,Phones
TEC-AC-10003095,Technology,Logitech G35 7.1-Channel Surround Sound Headset,Accessories
TEC-AC-10000358,Technology,Imation Secure Drive + Hardware Encrypted USB flash drive - 16 GB,Accessories
OFF-EN-10004147,Office Supplies,Wausau Papers Astrobrights Colored Envelopes,Envelopes
FUR-FU-10001468,Furniture,Tenex Antistatic Computer Chair Mats,Furnishings
OFF-PA-10000380,Office Supplies,REDIFORM Incoming/Outgoing Call Register  11 X 8 1/2  100 Messages,Paper
OFF-AP-10000026,Office Supplies,Tripp Lite Isotel 6 Outlet Surge Protector with Fax/Modem Protection,Appliances
OFF-PA-10003936,Office Supplies,Xerox 1994,Paper
FUR-FU-10002501,Furniture,Nu-Dell Executive Frame,Furnishings
OFF-AP-10001205,Office Supplies,Belkin 5 Outlet SurgeMaster Power Centers,Appliances
OFF-BI-10004141,Office Supplies,Insertable Tab Indexes For Data Binders,Binders
OFF-BI-10000632,Office Supplies,Satellite Sectional Post Binders,Binders
TEC-AC-10004864,Technology,Memorex Micro Travel Drive 32 GB,Accessories
TEC-MA-10000597,Technology,Lexmark S315 Color Inkjet Printer,Machines
OFF-PA-10002960,Office Supplies,Xerox 1926,Paper
OFF-PA-10000919,Office Supplies,Xerox 1918,Paper
OFF-BI-10001553,Office Supplies,SpineVue Locking Slant-D Ring Binders by Cardinal,Binders
OFF-AP-10004540,Office Supplies,Eureka The Boss Lite 10-Amp Upright Vacuum  Blue,Appliances
FUR-CH-10001714,Furniture,Global Leather & Oak Executive Chair  Burgundy,Chairs
FUR-FU-10002298,Furniture,Rubbermaid ClusterMat Chairmats  Mat Size- 66 x 60  Lip 20 x 11 -90 Degree Angle,Furnishings
OFF-AR-10000315,Office Supplies,Dixon Ticonderoga Maple Cedar Pencil  #2,Art
OFF-FA-10000936,Office Supplies,Acco Hot Clips Clips to Go,Fasteners
OFF-SU-10004768,Office Supplies,Acme Kleencut Forged Steel Scissors,Supplies
OFF-PA-10002581,Office Supplies,Xerox 1951,Paper
OFF-AP-10002403,Office Supplies,Acco Smartsocket Color-Coded Six-Outlet AC Adapter Model Surge Protectors,Appliances
OFF-AR-10003087,Office Supplies,Staples in misc. colors,Art
TEC-PH-10000141,Technology,Clearsounds A400,Phones
TEC-CO-10000971,Technology,Hewlett Packard 310 Color Digital Copier,Copiers
OFF-FA-10001229,Office Supplies,Staples,Fasteners
OFF-BI-10002437,Office Supplies,Recycled Premium Regency Composition Covers,Binders
OFF-PA-10004255,Office Supplies,Xerox 219,Paper
OFF-PA-10001184,Office Supplies,Xerox 1903,Paper
TEC-AC-10002637,Technology,Logitech VX Revolution Cordless Laser Mouse for Notebooks (Black),Accessories
FUR-BO-10000780,Furniture,OSullivan Plantations 2-Door Library in Landvery Oak,Bookcases
TEC-PH-10003072,Technology,Panasonic KX-TG9541B DECT 6.0 Digital 2-Line Expandable Cordless Phone With Digital Answering System,Phones
TEC-MA-10000112,Technology,Panasonic KX MB2061 Multifunction Printer,Machines
TEC-AC-10004171,Technology,Razer Kraken 7.1 Surround Sound Over Ear USB Gaming Headset,Accessories
FUR-TA-10002645,Furniture,Hon Rectangular Conference Tables,Tables
OFF-BI-10003784,Office Supplies,Computer Printout Index Tabs,Binders
OFF-BI-10001617,Office Supplies,GBC Wire Binding Combs,Binders
FUR-CH-10002439,Furniture,Iceberg Nesting Folding Chair  19w x 6d x 43h,Chairs
OFF-AP-10003057,Office Supplies,Honeywell Enviracaire Portable HEPA Air Cleaner for 16 x 20 Room,Appliances
FUR-TA-10000849,Furniture,Bevis Rectangular Conference Tables,Tables
OFF-EN-10002973,Office Supplies,Ampad #10 Peel & Seel Holiday Envelopes,Envelopes
OFF-BI-10003963,Office Supplies,Cardinal Holdit Data Disk Pockets,Binders
OFF-LA-10000081,Office Supplies,Avery 496,Labels
OFF-PA-10000726,Office Supplies,Black Print Carbonless Snap-Off Rapid Letter  8 1/2 x 7,Paper
OFF-PA-10004983,Office Supplies,Xerox 23,Paper
FUR-FU-10002107,Furniture,Eldon Pizzaz Desk Accessories,Furnishings
FUR-CH-10001190,Furniture,Global Deluxe High-Back Office Chair in Storm,Chairs
TEC-AC-10000682,Technology,Kensington K72356US Mouse-in-a-Box USB Desktop Mouse,Accessories
OFF-LA-10004545,Office Supplies,Avery 50,Labels
OFF-SU-10002557,Office Supplies,Fiskars Spring-Action Scissors,Supplies
TEC-PH-10000912,Technology,Anker 24W Portable Micro USB Car Charger,Phones
OFF-ST-10001837,Office Supplies,SAFCO Mobile Desk Side File  Wire Frame,Storage
OFF-AR-10001473,Office Supplies,Newell 313,Art
TEC-PH-10001835,Technology,Jawbone JAMBOX Wireless Bluetooth Speaker,Phones
OFF-PA-10002245,Office Supplies,Xerox 1895,Paper
OFF-EN-10004483,Office Supplies,#10 White Business Envelopes 4 1/8 x 9 1/2,Envelopes
OFF-SU-10000151,Office Supplies,High Speed Automatic Electric Letter Opener,Supplies
OFF-AP-10001293,Office Supplies,Belkin 8 Outlet Surge Protector,Appliances
TEC-PH-10000675,Technology,Panasonic KX TS3282B Corded phone,Phones
OFF-ST-10003470,Office Supplies,Tennsco Snap-Together Open Shelving Units  Starter Sets and Add-On Units,Storage
OFF-LA-10004559,Office Supplies,Avery 49,Labels
OFF-AP-10002651,Office Supplies,Hoover Upright Vacuum With Dirt Cup,Appliances
TEC-AC-10002550,Technology,Maxell 4.7GB DVD-RW 3/Pack,Accessories
OFF-BI-10000829,Office Supplies,Avery Non-Stick Binders,Binders
TEC-PH-10002555,Technology,Nortel Meridian M5316 Digital phone,Phones
FUR-BO-10003450,Furniture,Bush Westfield Collection Bookcases  Dark Cherry Finish,Bookcases
FUR-FU-10004665,Furniture,3M Polarizing Task Lamp with Clamp Arm  Light Gray,Furnishings
TEC-PH-10000369,Technology,HTC One Mini,Phones
TEC-AC-10001590,Technology,Dell Slim USB Multimedia Keyboard,Accessories
FUR-FU-10004909,Furniture,Contemporary Wood/Metal Frame,Furnishings
FUR-BO-10004357,Furniture,OSullivan Living Dimensions 3-Shelf Bookcases,Bookcases
TEC-AC-10000387,Technology,KeyTronic KT800P2 - Keyboard - Black,Accessories
OFF-BI-10001308,Office Supplies,GBC Standard Plastic Binding Systems Combs,Binders
OFF-AP-10002734,Office Supplies,Holmes Harmony HEPA Air Purifier for 17 x 20 Room,Appliances
FUR-FU-10004587,Furniture,GE General Use Halogen Bulbs  100 Watts  1 Bulb per Pack,Furnishings
TEC-PH-10004833,Technology,Macally Suction Cup Mount,Phones
FUR-FU-10001847,Furniture,Eldon Image Series Black Desk Accessories,Furnishings
FUR-FU-10002045,Furniture,Executive Impressions 14,Furnishings
FUR-FU-10004671,Furniture,Executive Impressions 12 Wall Clock,Furnishings
FUR-TA-10003569,Furniture,Bretford CR8500 Series Meeting Room Furniture,Tables
OFF-PA-10001752,Office Supplies,Hammermill CopyPlus Copy Paper (20Lb. and 84 Bright),Paper
TEC-MA-10003356,Technology,Panasonic KX MC6040 Color Laser Multifunction Printer,Machines
OFF-AR-10003727,Office Supplies,Berol Giant Pencil Sharpener,Art
TEC-AC-10001635,Technology,KeyTronic KT400U2 - Keyboard - Black,Accessories
OFF-LA-10003663,Office Supplies,Avery 498,Labels
TEC-CO-10004722,Technology,Canon imageCLASS 2200 Advanced Copier,Copiers
TEC-MA-10002210,Technology,Epson TM-T88V Direct Thermal Printer - Monochrome - Desktop,Machines
OFF-BI-10003196,Office Supplies,Accohide Poly Flexible Ring Binders,Binders
FUR-CH-10002017,Furniture,SAFCO Optional Arm Kit for Workspace Cribbage Stacking Chair,Chairs
FUR-FU-10003829,Furniture,Stackable Trays,Furnishings
OFF-PA-10000697,Office Supplies,TOPS Voice Message Log Book  Flash Format,Paper
OFF-AR-10004691,Office Supplies,Boston 1730 StandUp Electric Pencil Sharpener,Art
OFF-BI-10000948,Office Supplies,GBC Laser Imprintable Binding System Covers  Desert Sand,Binders
OFF-PA-10000223,Office Supplies,Xerox 2000,Paper
OFF-PA-10000062,Office Supplies,Green Bar Computer Printout Paper,Paper
FUR-BO-10003404,Furniture,Global Adaptabilites Bookcase  Cherry/Storm Gray Finish,Bookcases
OFF-BI-10004233,Office Supplies,GBC Pre-Punched Binding Paper  Plastic  White  8-1/2 x 11,Binders
TEC-PH-10002834,Technology,Google Nexus 5,Phones
FUR-CH-10003761,Furniture,Global Italian Leather Office Chair,Chairs
OFF-PA-10004665,Office Supplies,Advantus Motivational Note Cards,Paper
OFF-BI-10001196,Office Supplies,Avery Flip-Chart Easel Binder  Black,Binders
TEC-MA-10002981,Technology,I.R.I.S IRISCard Anywhere 5 Card Scanner,Machines
TEC-PH-10003601,Technology,Ativa D5772 2-Line 5.8GHz Digital Expandable Corded/Cordless Phone System with Answering & Caller ID/Call Waiting  Black/Silver,Phones
OFF-BI-10002003,Office Supplies,Ibico Presentation Index for Binding Systems,Binders
OFF-PA-10003016,Office Supplies,Adams While You Were Out Message Pads,Paper
OFF-PA-10002246,Office Supplies,Wirebound Four 2-3/4 x 5 Forms per Page  400 Sets per Book,Paper
TEC-PH-10002890,Technology,AT&T 17929 Lendline Telephone,Phones
TEC-MA-10003626,Technology,Hewlett-Packard Deskjet 6540 Color Inkjet Printer,Machines
TEC-MA-10002412,Technology,Cisco TelePresence System EX90 Videoconferencing Unit,Machines
OFF-AR-10003183,Office Supplies,Avery Fluorescent Highlighter Four-Color Set,Art
OFF-PA-10002319,Office Supplies,Xerox 1944,Paper
OFF-PA-10001246,Office Supplies,Xerox 215,Paper
OFF-PA-10001815,Office Supplies,Xerox 1885,Paper
FUR-FU-10001876,Furniture,Computer Room Manger  14,Furnishings
TEC-PH-10000673,Technology,Plantronics Voyager Pro HD - Bluetooth Headset,Phones
TEC-PH-10002075,Technology,AT&T EL51110 DECT,Phones
TEC-PH-10003691,Technology,BlackBerry Q10,Phones
OFF-SU-10000157,Office Supplies,Compact Automatic Electric Letter Opener,Supplies
TEC-AC-10004227,Technology,SanDisk Ultra 16 GB MicroSDHC Class 10 Memory Card,Accessories
TEC-AC-10004127,Technology,SanDisk Cruzer 8 GB USB Flash Drive,Accessories
FUR-CH-10002758,Furniture,Hon Deluxe Fabric Upholstered Stacking Chairs  Squared Back,Chairs
OFF-ST-10000532,Office Supplies,Advantus Rolling Drawer Organizers,Storage
TEC-AC-10003709,Technology,Maxell 4.7GB DVD-R 5/Pack,Accessories
OFF-BI-10003166,Office Supplies,GBC Plasticlear Binding Covers,Binders
OFF-ST-10004835,Office Supplies,Plastic Stacking Crates & Casters,Storage
OFF-AP-10000159,Office Supplies,Belkin F9M820V08 8 Outlet Surge,Appliances
OFF-AP-10001242,Office Supplies,APC 7 Outlet Network SurgeArrest Surge Protector,Appliances
TEC-AC-10003433,Technology,Maxell 4.7GB DVD+R 5/Pack,Accessories
TEC-PH-10003187,Technology,Anker Astro Mini 3000mAh Ultra-Compact Portable Charger,Phones
OFF-FA-10002763,Office Supplies,Advantus Map Pennant Flags and Round Head Tacks,Fasteners
OFF-PA-10004239,Office Supplies,Xerox 1953,Paper
OFF-PA-10004782,Office Supplies,Xerox 228,Paper
FUR-FU-10001185,Furniture,Advantus Employee of the Month Certificate Frame  11 x 13-1/2,Furnishings
OFF-PA-10003270,Office Supplies,Xerox 1954,Paper
OFF-PA-10002421,Office Supplies,Embossed Ink Jet Note Cards,Paper
OFF-PA-10002923,Office Supplies,Xerox 1942,Paper
OFF-ST-10001128,Office Supplies,Carina Mini System Audio Rack  Model AR050B,Storage
OFF-PA-10000520,Office Supplies,Xerox 201,Paper
FUR-FU-10003832,Furniture,Eldon Expressions Punched Metal & Wood Desk Accessories  Black & Cherry,Furnishings
FUR-FU-10000409,Furniture,GE 4 Foot Flourescent Tube  40 Watt,Furnishings
TEC-PH-10004389,Technology,Nokia Lumia 925,Phones
OFF-SU-10000946,Office Supplies,Staple remover,Supplies
FUR-FU-10001546,Furniture,Dana Swing-Arm Lamps,Furnishings
OFF-PA-10000791,Office Supplies,Wirebound Message Books  Four 2 3/4 x 5 Forms per Page  200 Sets per Book,Paper
OFF-PA-10003739,Office Supplies,Xerox 1969,Paper
FUR-FU-10000771,Furniture,Eldon 200 Class Desk Accessories  Smoke,Furnishings
OFF-ST-10002615,Office Supplies,Dual Level  Single-Width Filing Carts,Storage
OFF-PA-10000327,Office Supplies,Xerox 1971,Paper
OFF-EN-10003286,Office Supplies,Staple envelope,Envelopes
OFF-AR-10003772,Office Supplies,Boston 16750 Black Compact Battery Pencil Sharpener,Art
OFF-AR-10003338,Office Supplies,Eberhard Faber 3 1/2 Golf Pencils,Art
FUR-FU-10002116,Furniture,Tenex Carpeted  Granite-Look or Clear Contemporary Contour Shape Chair Mats,Furnishings
FUR-CH-10000422,Furniture,Global Highback Leather Tilter in Burgundy,Chairs
FUR-FU-10002685,Furniture,Executive Impressions 13-1/2 Indoor/Outdoor Wall Clock,Furnishings
FUR-FU-10004963,Furniture,Eldon 400 Class Desk Accessories  Black Carbon,Furnishings
OFF-BI-10000174,Office Supplies,Wilson Jones Clip & Carry Folder Binder Tool for Ring Binders  Clear,Binders
FUR-CH-10004875,Furniture,Harbour Creations 67200 Series Stacking Chairs,Chairs
FUR-FU-10000305,Furniture,Tenex V2T-RE Standard Weight Series Chair Mat  45 x 53  Lip 25 x 12,Furnishings
TEC-PH-10001459,Technology,Samsung Galaxy Mega 6.3,Phones
FUR-FU-10002445,Furniture,DAX Two-Tone Rosewood/Black Document Frame  Desktop  5 x 7,Furnishings
OFF-PA-10000213,Office Supplies,Xerox 198,Paper
FUR-CH-10001797,Furniture,Safco Chair Connectors  6/Carton,Chairs
OFF-PA-10003848,Office Supplies,Xerox 1997,Paper
FUR-FU-10000755,Furniture,Eldon Expressions Mahogany Wood Desk Collection,Furnishings
FUR-FU-10000550,Furniture,Stacking Trays by OIC,Furnishings
TEC-MA-10004521,Technology,Epson Perfection V600 Photo Scanner,Machines
OFF-BI-10003655,Office Supplies,Durable Pressboard Binders,Binders
OFF-AP-10003779,Office Supplies,Kensington 7 Outlet MasterPiece Power Center with Fax/Phone Line Protection,Appliances
OFF-FA-10002701,Office Supplies,Alliance Rubber Bands,Fasteners
OFF-BI-10002799,Office Supplies,SlimView Poly Binder  3/8,Binders
OFF-AR-10003582,Office Supplies,Boston Electric Pencil Sharpener  Model 1818  Charcoal Black,Art
FUR-FU-10004666,Furniture,DAX Clear Channel Poster Frame,Furnishings
OFF-EN-10002312,Office Supplies,#10 Self-Seal White Envelopes,Envelopes
FUR-CH-10002320,Furniture,Hon Pagoda Stacking Chairs,Chairs
OFF-AR-10001216,Office Supplies,Newell 339,Art
FUR-FU-10003247,Furniture,36X48 HARDFLOOR CHAIRMAT,Furnishings
FUR-TA-10003837,Furniture,Anderson Hickey Conga Table Tops & Accessories,Tables
TEC-PH-10002350,Technology,Apple EarPods with Remote and Mic,Phones
TEC-AC-10000397,Technology,Perixx PERIBOARD-512B  Ergonomic Split Keyboard,Accessories
TEC-AC-10004001,Technology,Logitech Wireless Headset H600 Over-The-Head Design,Accessories
OFF-PA-10001534,Office Supplies,Xerox 230,Paper
FUR-FU-10002379,Furniture,Eldon Econocleat Chair Mats for Low Pile Carpets,Furnishings
TEC-PH-10000526,Technology,Vtech CS6719,Phones
OFF-PA-10001977,Office Supplies,Xerox 194,Paper
FUR-BO-10003660,Furniture,Bush Cubix Collection Bookcases  Fully Assembled,Bookcases
OFF-BI-10001267,Office Supplies,Universal Recycled Hanging Pressboard Report Binders  Letter Size,Binders
OFF-PA-10002741,Office Supplies,Xerox 1980,Paper
OFF-PA-10001471,Office Supplies,Strathmore Photo Frame Cards,Paper
TEC-MA-10001972,Technology,Okidata C331dn Printer,Machines
FUR-FU-10003464,Furniture,Seth Thomas 8 1/2 Cubicle Clock,Furnishings
OFF-PA-10004438,Office Supplies,Xerox 1907,Paper
FUR-FU-10004586,Furniture,G.E. Longer-Life Indoor Recessed Floodlight Bulbs,Furnishings
TEC-PH-10004908,Technology,Panasonic KX TS3282W Corded phone,Phones
FUR-CH-10004495,Furniture,Global Leather and Oak Executive Chair  Black,Chairs
TEC-MA-10000418,Technology,Cubify CubeX 3D Printer Double Head Print,Machines
OFF-BI-10004600,Office Supplies,Ibico Ibimaster 300 Manual Binding System,Binders
OFF-BI-10004040,Office Supplies,Wilson Jones Impact Binders,Binders
OFF-AR-10001615,Office Supplies,Newell 34,Art
TEC-PH-10001299,Technology,Polycom CX300 Desktop Phone USB VoIP phone,Phones
OFF-AR-10004260,Office Supplies,Boston 1799 Powerhouse Electric Pencil Sharpener,Art
OFF-EN-10004773,Office Supplies,Staple envelope,Envelopes
OFF-BI-10001787,Office Supplies,Wilson Jones Four-Pocket Poly Binders,Binders
OFF-ST-10002957,Office Supplies,Sterilite Show Offs Storage Containers,Storage
OFF-FA-10001883,Office Supplies,Alliance Super-Size Bands  Assorted Sizes,Fasteners
TEC-PH-10001644,Technology,BlueLounge Milo Smartphone Stand  White/Metallic,Phones
OFF-LA-10000407,Office Supplies,Avery White Multi-Purpose Labels,Labels
TEC-AC-10000420,Technology,Logitech G500s Laser Gaming Mouse with Adjustable Weight Tuning,Accessories
OFF-EN-10004846,Office Supplies,Letter or Legal Size Expandable Poly String Tie Envelopes,Envelopes
OFF-SU-10003567,Office Supplies,Stiletto Hand Letter Openers,Supplies
OFF-ST-10002301,Office Supplies,Tennsco Commercial Shelving,Storage
TEC-PH-10003095,Technology,Samsung HM1900 Bluetooth Headset,Phones
TEC-PH-10004912,Technology,Cisco SPA112 2 Port Phone Adapter,Phones
OFF-AR-10000799,Office Supplies,Col-Erase Pencils with Erasers,Art
OFF-PA-10004609,Office Supplies,Xerox 221,Paper
TEC-PH-10003171,Technology,Plantronics Encore H101 Dual Earpieces Headset,Phones
OFF-AP-10000595,Office Supplies,Disposable Triple-Filter Dust Bags,Appliances
TEC-AC-10003399,Technology,Memorex Mini Travel Drive 64 GB USB 2.0 Flash Drive,Accessories
TEC-MA-10002428,Technology,Fellowes Powershred HS-440 4-Sheet High Security Shredder,Machines
TEC-PH-10001128,Technology,Motorola Droid Maxx,Phones
OFF-PA-10001033,Office Supplies,Xerox 1893,Paper
TEC-AC-10000474,Technology,Kensington Expert Mouse Optical USB Trackball for PC or Mac,Accessories
FUR-FU-10002963,Furniture,Master Caster Door Stop  Gray,Furnishings
FUR-FU-10000193,Furniture,Tenex Chairmats For Use with Hard Floors,Furnishings
OFF-BI-10000962,Office Supplies,Acco Flexible ACCOHIDE Square Ring Data Binder  Dark Blue  11 1/2 X 14 7/8,Binders
OFF-AP-10002867,Office Supplies,Fellowes Command Center 5-outlet power strip,Appliances
FUR-BO-10002916,Furniture,Rush Hierlooms Collection 1 Thick Stackable Bookcases,Bookcases
FUR-TA-10004152,Furniture,Barricks 18 x 48 Non-Folding Utility Table with Bottom Storage Shelf,Tables
FUR-FU-10000672,Furniture,Executive Impressions 10 Spectator Wall Clock,Furnishings
FUR-BO-10002598,Furniture,Hon Metal Bookcases  Putty,Bookcases
OFF-PA-10004610,Office Supplies,Xerox 1900,Paper
FUR-FU-10000320,Furniture,OIC Stacking Trays,Furnishings
FUR-CH-10003535,Furniture,Global Armless Task Chair  Royal Blue,Chairs
FUR-FU-10003919,Furniture,Eldon Executive Woodline II Cherry Finish Desk Accessories,Furnishings
OFF-PA-10000174,Office Supplies,Message Book  Wirebound  Four 5 1/2 X 4 Forms/Pg.  200 Dupl. Sets/Book,Paper
FUR-FU-10002703,Furniture,Tenex Traditional Chairmats for Hard Floors  Average Lip  36 x 48,Furnishings
TEC-PH-10002415,Technology,Polycom VoiceStation 500 Conference phone,Phones
OFF-AR-10000657,Office Supplies,Binney & Smith inkTank Desk Highlighter  Chisel Tip  Yellow  12/Box,Art
OFF-PA-10004996,Office Supplies,Speediset Carbonless Redi-Letter 7 x 8 1/2,Paper
OFF-PA-10003363,Office Supplies,Xerox 204,Paper
TEC-AC-10002305,Technology,KeyTronic E03601U1 - Keyboard - Beige,Accessories
TEC-AC-10000990,Technology,Imation Bio 2GB USB Flash Drive Imation Corp,Accessories
FUR-BO-10001608,Furniture,Hon Metal Bookcases  Black,Bookcases
FUR-BO-10000112,Furniture,Bush Birmingham Collection Bookcase  Dark Cherry,Bookcases
TEC-PH-10004120,Technology,AT&T 1080 Phone,Phones
OFF-BI-10003476,Office Supplies,Avery Metallic Poly Binders,Binders
TEC-MA-10002859,Technology,Ativa MDM8000 8-Sheet Micro-Cut Shredder,Machines
OFF-AP-10001947,Office Supplies,Acco 6 Outlet Guardian Premium Plus Surge Suppressor,Appliances
OFF-LA-10001982,Office Supplies,Smead Alpha-Z Color-Coded Name Labels First Letter Starter Set,Labels
TEC-PH-10003484,Technology,Ooma Telo VoIP Home Phone System,Phones
OFF-PA-10000007,Office Supplies,Telephone Message Books with Fax/Mobile Section  4 1/4 x 6,Paper
OFF-PA-10000552,Office Supplies,Xerox 200,Paper
OFF-AR-10004062,Office Supplies,Staples in misc. colors,Art
OFF-ST-10000321,Office Supplies,Akro Stacking Bins,Storage
TEC-AC-10002134,Technology,Rosewill 107 Normal Keys USB Wired Standard Keyboard,Accessories
TEC-PH-10004071,Technology,PayAnywhere Card Reader,Phones
OFF-PA-10004039,Office Supplies,Xerox 1882,Paper
OFF-AR-10001725,Office Supplies,Boston Home & Office Model 2000 Electric Pencil Sharpeners,Art
OFF-AR-10004269,Office Supplies,Newell 31,Art
OFF-BI-10003007,Office Supplies,Premium Transparent Presentation Covers  No Pattern/Clear  8 1/2 x 11,Binders
OFF-SU-10002522,Office Supplies,Acme Kleen Earth Office Shears,Supplies
TEC-AC-10004859,Technology,Maxell Pro 80 Minute CD-R  10/Pack,Accessories
TEC-AC-10002558,Technology,Imation Swivel Flash Drive USB flash drive - 8 GB,Accessories
FUR-FU-10001731,Furniture,Acrylic Self-Standing Desk Frames,Furnishings
OFF-SU-10004782,Office Supplies,Elite 5 Scissors,Supplies
OFF-SU-10000432,Office Supplies,Acco Side-Punched Conventional Columnar Pads,Supplies
OFF-LA-10004409,Office Supplies,Avery 492,Labels
OFF-ST-10001031,Office Supplies,Adjustable Personal File Tote,Storage
OFF-LA-10000476,Office Supplies,Avery 05222 Permanent Self-Adhesive File Folder Labels for Typewriters  on Rolls  White  250/Roll,Labels
OFF-AR-10002987,Office Supplies,Prismacolor Color Pencil Set,Art
TEC-CO-10001571,Technology,Sharp 1540cs Digital Laser Copier,Copiers
FUR-FU-10003026,Furniture,Eldon Regeneration Recycled Desk Accessories  Black,Furnishings
OFF-ST-10001034,Office Supplies,Eldon File Chest Portable File,Storage
TEC-AC-10000521,Technology,Verbatim Slim CD and DVD Storage Cases  50/Pack,Accessories
OFF-SU-10003002,Office Supplies,Letter Slitter,Supplies
TEC-PH-10000730,Technology,Samsung Galaxy S4 Active,Phones
FUR-CH-10004983,Furniture,Office Star - Mid Back Dual function Ergonomic High Back Chair with 2-Way Adjustable Arms,Chairs
OFF-FA-10001332,Office Supplies,Acco Bankers Clasps  5 3/4-Long,Fasteners
TEC-AC-10001874,Technology,Logitech Wireless Anywhere Mouse MX for PC and Mac,Accessories
OFF-BI-10000494,Office Supplies,Acco Economy Flexible Poly Round Ring Binder,Binders
FUR-TA-10003469,Furniture,Balt Split Level Computer Training Table,Tables
OFF-AR-10003179,Office Supplies,Dixon Ticonderoga Core-Lock Colored Pencils,Art
FUR-CH-10003606,Furniture,SAFCO Folding Chair Trolley,Chairs
FUR-CH-10003298,Furniture,Office Star - Contemporary Task Swivel chair with Loop Arms  Charcoal,Chairs
OFF-LA-10003537,Office Supplies,Avery 515,Labels
OFF-PA-10000069,Office Supplies,TOPS 4 x 6 Fluorescent Color Memo Sheets  500 Sheets per Pack,Paper
OFF-PA-10004733,Office Supplies,Things To Do Today Spiral Book,Paper
TEC-AC-10004814,Technology,Logitech Illuminated Ultrathin Keyboard with Backlighting,Accessories
OFF-SU-10002301,Office Supplies,Serrated Blade or Curved Handle Hand Letter Openers,Supplies
OFF-BI-10004318,Office Supplies,Ibico EB-19 Dual Function Manual Binding System,Binders
FUR-FU-10004164,Furniture,Eldon 300 Class Desk Accessories  Black,Furnishings
TEC-AC-10001539,Technology,Logitech G430 Surround Sound Gaming Headset with Dolby 7.1 Technology,Accessories
TEC-PH-10002789,Technology,LG Exalt,Phones
OFF-BI-10004828,Office Supplies,GBC Poly Designer Binding Covers,Binders
OFF-AR-10001770,Office Supplies,Economy #2 Pencils,Art
FUR-FU-10004904,Furniture,Eldon L Workstation Diamond Chairmat,Furnishings
FUR-FU-10002396,Furniture,DAX Copper Panel Document Frame  5 x 7 Size,Furnishings
TEC-AC-10002331,Technology,Maxell 74 Minute CDR  10/Pack,Accessories
TEC-AC-10001090,Technology,Micro Innovations Wireless Classic Keyboard with Mouse,Accessories
FUR-BO-10004218,Furniture,Bush Heritage Pine Collection 5-Shelf Bookcase  Albany Pine Finish  *Special Order,Bookcases
TEC-PH-10001619,Technology,LG G3,Phones
OFF-PA-10000246,Office Supplies,Riverleaf Stik-Withit Designer Note Cubes,Paper
OFF-PA-10001461,Office Supplies,HP Office Paper (20Lb. and 87 Bright),Paper
OFF-AR-10004165,Office Supplies,Binney & Smith inkTank Erasable Pocket Highlighter  Chisel Tip  Yellow,Art
OFF-EN-10001028,Office Supplies,Staple envelope,Envelopes
TEC-PH-10003535,Technology,RCA ViSYS 25423RE1 Corded phone,Phones
FUR-FU-10001085,Furniture,3M Polarizing Light Filter Sleeves,Furnishings
OFF-AR-10003481,Office Supplies,Newell 348,Art
OFF-PA-10002606,Office Supplies,Xerox 1928,Paper
FUR-FU-10003731,Furniture,Eldon Expressions Wood and Plastic Desk Accessories  Oak,Furnishings
OFF-AP-10001962,Office Supplies,Black & Decker Filter for Double Action Dustbuster Cordless Vac BLDV7210,Appliances
FUR-FU-10003798,Furniture,Ultra Door Kickplate  8H x 34W,Furnishings
OFF-AR-10002704,Office Supplies,Boston 1900 Electric Pencil Sharpener,Art
TEC-AC-10002942,Technology,WD My Passport Ultra 1TB Portable External Hard Drive,Accessories
TEC-MA-10001016,Technology,Canon PC170 Desktop Personal Copier,Machines
TEC-AC-10001553,Technology,Memorex 25GB 6X Branded Blu-Ray Recordable Disc  15/Pack,Accessories
FUR-FU-10001215,Furniture,Howard Miller 11-1/2 Diameter Brentwood Wall Clock,Furnishings
OFF-PA-10002499,Office Supplies,Xerox 1890,Paper
TEC-PH-10003215,Technology,Jackery Bar Premium Fast-charging Portable Charger,Phones
OFF-LA-10002945,Office Supplies,Permanent Self-Adhesive File Folder Labels for Typewriters  1 1/8 x 3 1/2  White,Labels
OFF-AR-10002766,Office Supplies,Prang Drawing Pencil Set,Art
TEC-PH-10004434,Technology,Cisco IP Phone 7961G VoIP phone - Dark gray,Phones
FUR-BO-10000711,Furniture,Hon Metal Bookcases  Gray,Bookcases
OFF-BI-10001120,Office Supplies,Ibico EPK-21 Electric Binding System,Binders
OFF-AP-10004655,Office Supplies,Holmes Visible Mist Ultrasonic Humidifier with 2.3-Gallon Output per Day  Replacement Filter,Appliances
FUR-BO-10004360,Furniture,Rush Hierlooms Collection Rich Wood Bookcases,Bookcases
TEC-AC-10000199,Technology,Kingston Digital DataTraveler 8GB USB 2.0,Accessories
TEC-MA-10001127,Technology,HP Designjet T520 Inkjet Large Format Printer - 24 Color,Machines
OFF-AR-10001227,Office Supplies,Newell 338,Art
FUR-CH-10000229,Furniture,Global Enterprise Series Seating High-Back Swivel/Tilt Chairs,Chairs
FUR-BO-10002853,Furniture,OSullivan 5-Shelf Heavy-Duty Bookcases,Bookcases
OFF-PA-10004022,Office Supplies,Hammermill Color Copier Paper (28Lb. and 96 Bright),Paper
OFF-PA-10004248,Office Supplies,Xerox 1990,Paper
OFF-PA-10001363,Office Supplies,Xerox 1933,Paper
OFF-BI-10003876,Office Supplies,Green Canvas Binder for 8-1/2 x 14 Sheets,Binders
OFF-EN-10004007,Office Supplies,Park Ridge Embossed Executive Business Envelopes,Envelopes
FUR-BO-10003894,Furniture,Safco Value Mate Steel Bookcase  Baked Enamel Finish on Steel  Black,Bookcases
TEC-MA-10001570,Technology,Cisco Desktop Collaboration Experience DX650 IP Video Phone,Machines
FUR-FU-10003930,Furniture,Howard Miller 12-3/4 Diameter Accuwave DS  Wall Clock,Furnishings
OFF-PA-10000232,Office Supplies,Xerox 1975,Paper
OFF-AR-10001972,Office Supplies,Newell 323,Art
OFF-AR-10004587,Office Supplies,Boston 1827 Commercial Additional Cutter  Drive Gear & Gear Rack for 1606,Art
OFF-AP-10001366,Office Supplies,Staple holder,Appliances
OFF-BI-10000216,Office Supplies,Mead 1st Gear 2 Zipper Binder  Asst. Colors,Binders
TEC-MA-10001047,Technology,3D Systems Cube Printer  2nd Generation  Magenta,Machines
OFF-LA-10003720,Office Supplies,Avery 487,Labels
TEC-MA-10003246,Technology,Hewlett-Packard Deskjet D4360 Printer,Machines
FUR-FU-10000175,Furniture,DAX Wood Document Frame.,Furnishings
OFF-PA-10000556,Office Supplies,Xerox 208,Paper
TEC-AC-10003237,Technology,Memorex Micro Travel Drive 4 GB,Accessories
OFF-EN-10003068,Office Supplies,#6 3/4 Gummed Flap White Envelopes,Envelopes
FUR-FU-10004053,Furniture,DAX Two-Tone Silver Metal Document Frame,Furnishings
OFF-PA-10000565,Office Supplies,Easy-staple paper,Paper
OFF-LA-10000414,Office Supplies,Avery 503,Labels
OFF-AP-10002998,Office Supplies,Holmes 99% HEPA Air Purifier,Appliances
FUR-BO-10004690,Furniture,OSullivan Cherrywood Estates Traditional Barrister Bookcase,Bookcases
OFF-AR-10002445,Office Supplies,SANFORD Major Accent Highlighters,Art
FUR-BO-10003546,Furniture,Hon 4-Shelf Metal Bookcases,Bookcases
FUR-TA-10003392,Furniture,Global Adaptabilities Conference Tables,Tables
OFF-AR-10003217,Office Supplies,Newell 316,Art
OFF-ST-10001932,Office Supplies,Fellowes Staxonsteel Drawer Files,Storage
OFF-AR-10001761,Office Supplies,Avery Hi-Liter Smear-Safe Highlighters,Art
OFF-EN-10003567,Office Supplies,Inter-Office Recycled Envelopes  Brown Kraft  Button-String 10 x 13   100/Box,Envelopes
OFF-PA-10003022,Office Supplies,Xerox 1992,Paper
FUR-TA-10004442,Furniture,Riverside Furniture Stanwyck Manor Table Series,Tables
OFF-ST-10000129,Office Supplies,Fellowes Recycled Storage Drawers,Storage
OFF-PA-10004948,Office Supplies,Xerox 190,Paper
OFF-PA-10001725,Office Supplies,Xerox 1892,Paper
TEC-PH-10000213,Technology,Seidio BD2-HK3IPH5-BK DILEX Case and Holster Combo for Apple iPhone 5/5s - Black,Phones
OFF-PA-10000807,Office Supplies,TOPS Important Message Pads  Canary  4-1/4 x 5-1/2  50 Sheets per Pad,Paper
OFF-ST-10003805,Office Supplies,24 Capacity Maxi Data Binder Racks  Pearl,Storage
OFF-PA-10004353,Office Supplies,Southworth 25% Cotton Premium Laser Paper and Envelopes,Paper
OFF-EN-10004206,Office Supplies,Multimedia Mailers,Envelopes
OFF-LA-10003388,Office Supplies,Avery 5,Labels
TEC-PH-10000193,Technology,Jensen SMPS-640 - speaker phone,Phones
FUR-FU-10002111,Furniture,Master Caster Door Stop  Large Brown,Furnishings
OFF-ST-10000885,Office Supplies,Fellowes Desktop Hanging File Manager,Storage
OFF-PA-10002709,Office Supplies,Xerox 1956,Paper
FUR-FU-10003424,Furniture,Nu-Dell Oak Frame,Furnishings
OFF-BI-10003718,Office Supplies,GBC Therma-A-Bind 250T Electric Binding System,Binders
FUR-FU-10002508,Furniture,Document Clip Frames,Furnishings
OFF-AP-10004052,Office Supplies,Hoover Replacement Belts For Soft Guard & Commercial Ltweight Upright Vacs  2/Pk,Appliances
OFF-PA-10003134,Office Supplies,Xerox 1937,Paper
FUR-FU-10000719,Furniture,DAX Cubicle Frames  8-1/2 x 11,Furnishings
FUR-BO-10003893,Furniture,Sauder Camden County Collection Library,Bookcases
TEC-CO-10001943,Technology,Canon PC-428 Personal Copier,Copiers
FUR-CH-10000749,Furniture,Office Star - Ergonomic Mid Back Chair with 2-Way Adjustable Arms,Chairs
OFF-PA-10003228,Office Supplies,Xerox 1917,Paper
TEC-AC-10001542,Technology,SanDisk Cruzer 16 GB USB Flash Drive,Accessories
TEC-AC-10004877,Technology,Imation 30456 USB Flash Drive 8GB,Accessories
TEC-PH-10001305,Technology,Panasonic KX TS208W Corded phone,Phones
OFF-PA-10000483,Office Supplies,Xerox 19,Paper
TEC-AC-10000487,Technology,SanDisk Cruzer 4 GB USB Flash Drive,Accessories
TEC-AC-10002018,Technology,AmazonBasics 3-Button USB Wired Mouse,Accessories
OFF-PA-10004381,Office Supplies,14-7/8 x 11 Blue Bar Computer Printout Paper,Paper
OFF-EN-10001453,Office Supplies,Tyvek Interoffice Envelopes  9 1/2 x 12 1/2  100/Box,Envelopes
OFF-SU-10001212,Office Supplies,Kleencut Forged Office Shears by Acme United Corporation,Supplies
OFF-BI-10000201,Office Supplies,Avery Triangle Shaped Sheet Lifters  Black  2/Pack,Binders
TEC-AC-10004396,Technology,Logitech Keyboard K120,Accessories
OFF-AR-10002467,Office Supplies,Dixon Ticonderoga Pencils,Art
FUR-FU-10002813,Furniture,DAX Contemporary Wood Frame with Silver Metal Mat  Desktop  11 x 14 Size,Furnishings
TEC-MA-10000752,Technology,Texas Instrument TI-15 Fraction Calculator,Machines
FUR-FU-10004845,Furniture,Deflect-o EconoMat Nonstudded  No Bevel Mat,Furnishings
OFF-FA-10000840,Office Supplies,OIC Thumb-Tacks,Fasteners
OFF-AR-10001231,Office Supplies,Sanford EarthWrite Recycled Pencils  Medium Soft  #2,Art
TEC-PH-10004875,Technology,PNY Rapid USB Car Charger - Black,Phones
FUR-CH-10001802,Furniture,Hon Every-Day Chair Series Swivel Task Chairs,Chairs
TEC-PH-10003356,Technology,SmartStand Mobile Device Holder  Assorted Colors,Phones
OFF-AP-10002670,Office Supplies,Belkin 8-Outlet Premiere SurgeMaster II Surge Protectors,Appliances
OFF-FA-10003485,Office Supplies,Staples,Fasteners
OFF-AP-10000390,Office Supplies,Euro Pro Shark Stick Mini Vacuum,Appliances
OFF-PA-10002764,Office Supplies,Easy-staple paper,Paper
OFF-PA-10000143,Office Supplies,Astroparche Fine Business Paper,Paper
TEC-MA-10000045,Technology,Zebra ZM400 Thermal Label Printer,Machines
OFF-ST-10000136,Office Supplies,Letter Size File,Storage
TEC-PH-10004522,Technology,Dexim XPower Skin Super-Thin Power Case for iPhone 5 - Black,Phones
TEC-PH-10002584,Technology,Samsung Galaxy S4,Phones
FUR-CH-10004626,Furniture,Office Star Flex Back Scooter Chair with Aluminum Finish Frame,Chairs
TEC-PH-10000562,Technology,Samsung Convoy 3,Phones
FUR-FU-10001025,Furniture,Eldon Imàge Series Desk Accessories  Clear,Furnishings
OFF-LA-10004178,Office Supplies,Avery 491,Labels
OFF-PA-10003797,Office Supplies,Xerox 209,Paper
OFF-EN-10003448,Office Supplies,Peel & Seel Recycled Catalog Envelopes  Brown,Envelopes
OFF-AP-10000938,Office Supplies,Avanti 1.7 Cu. Ft. Refrigerator,Appliances
OFF-SU-10004737,Office Supplies,Acme Design Stainless Steel Bent Scissors,Supplies
FUR-TA-10001691,Furniture,Barricks Non-Folding Utility Table with Steel Legs  Laminate Tops,Tables
TEC-MA-10003173,Technology,Hewlett-Packard 300S Scientific Calculator,Machines
OFF-LA-10000305,Office Supplies,Avery 495,Labels
TEC-PH-10002583,Technology,iOttie HLCRIO102 Car Mount,Phones
OFF-AR-10003876,Office Supplies,Avery Hi-Liter GlideStik Fluorescent Highlighter  Yellow Ink,Art
OFF-PA-10003063,Office Supplies,EcoTones Memo Sheets,Paper
OFF-PA-10003302,Office Supplies,Xerox 1906,Paper
TEC-MA-10000423,Technology,Texas Instruments TI-34 Scientific Calculator,Machines
TEC-AC-10004992,Technology,Kingston Digital DataTraveler 64GB USB 2.0,Accessories
OFF-BI-10004099,Office Supplies,GBC VeloBinder Strips,Binders
OFF-PA-10001215,Office Supplies,Xerox 1963,Paper
TEC-AC-10003870,Technology,Logitech Z-906 Speaker sys - home theater - 5.1-CH,Accessories
OFF-AP-10000275,Office Supplies,Sanyo Counter Height Refrigerator with Crisper  3.6 Cubic Foot  Stainless Steel/Black,Appliances
FUR-FU-10003192,Furniture,Luxo Adjustable Task Clamp Lamp,Furnishings
OFF-PA-10000859,Office Supplies,Unpadded Memo Slips,Paper
OFF-AR-10000614,Office Supplies,Barrel Sharpener,Art
OFF-FA-10000089,Office Supplies,Acco Glide Clips,Fasteners
FUR-TA-10001771,Furniture,Bush Cubix Conference Tables  Fully Assembled,Tables
FUR-CH-10002044,Furniture,Office Star - Contemporary Task Swivel chair with 2-way adjustable arms  Plum,Chairs
FUR-TA-10001086,Furniture,SAFCO PlanMaster Boards  60w x 37-1/2d  White Melamine,Tables
OFF-PA-10000048,Office Supplies,Xerox 20,Paper
TEC-MA-10002109,Technology,HP Officejet Pro 8600 e-All-In-One Printer  Copier  Scanner  Fax,Machines
OFF-PA-10003036,Office Supplies,Black Print Carbonless 8 1/2 x 8 1/4 Rapid Memo Book,Paper
TEC-PH-10001870,Technology,Lunatik TT5L-002 Taktik Strike Impact Protection System for iPhone 5,Phones
OFF-ST-10002182,Office Supplies,Iris 3-Drawer Stacking Bin  Black,Storage
TEC-PH-10001468,Technology,Panasonic Business Telephones KX-T7736,Phones
OFF-AR-10004010,Office Supplies,Hunt Boston Vacuum Mount KS Pencil Sharpener,Art
OFF-ST-10003572,Office Supplies,Portfile Personal File Boxes,Storage
OFF-ST-10003994,Office Supplies,Belkin 19 Center-Weighted Shelf  Gray,Storage
FUR-CH-10001545,Furniture,Hon Comfortask Task/Swivel Chairs,Chairs
FUR-FU-10004245,Furniture,Career Cubicle Clock  8 1/4  Black,Furnishings
OFF-EN-10002592,Office Supplies,Peel & Seel Recycled Catalog Envelopes  Brown,Envelopes
OFF-AR-10000914,Office Supplies,Boston 16765 Mini Stand Up Battery Pencil Sharpener,Art
OFF-LA-10003498,Office Supplies,Avery 475,Labels
TEC-MA-10003329,Technology,Vtech AT&T CL2940 Corded Speakerphone  Black,Machines
FUR-FU-10000747,Furniture,Tenex B1-RE Series Chair Mats for Low Pile Carpets,Furnishings
TEC-PH-10004100,Technology,Griffin GC17055 Auxiliary Audio Cable,Phones
OFF-ST-10000636,Office Supplies,Rogers Profile Extra Capacity Storage Tub,Storage
TEC-PH-10003174,Technology,RCA ViSYS 25825 Wireless digital phone,Phones
OFF-PA-10001497,Office Supplies,Xerox 1914,Paper
OFF-PA-10001952,Office Supplies,Xerox 1902,Paper
OFF-SU-10004661,Office Supplies,Acme Titanium Bonded Scissors,Supplies
OFF-PA-10001826,Office Supplies,Xerox 207,Paper
TEC-MA-10001031,Technology,Socket Bluetooth Cordless Hand Scanner (CHS),Machines
TEC-MA-10003176,Technology,Okidata B400 Printer,Machines
TEC-AC-10002647,Technology,Logitech Wireless Boombox Speaker - portable - wireless  wired,Accessories
TEC-PH-10002114,Technology,Xiaomi Mi3,Phones
OFF-PA-10001593,Office Supplies,Xerox 1947,Paper
TEC-AC-10004803,Technology,Sony Micro Vault Click 4 GB USB 2.0 Flash Drive,Accessories
OFF-PA-10001801,Office Supplies,Xerox 193,Paper
TEC-PH-10000127,Technology,iOttie XL Car Mount,Phones
OFF-AP-10001564,Office Supplies,Hoover Commercial Lightweight Upright Vacuum with E-Z Empty Dirt Cup,Appliances
TEC-AC-10004595,Technology,First Data TMFD35 PIN Pad,Accessories
FUR-FU-10002874,Furniture,Ultra Commercial Grade Dual Valve Door Closer,Furnishings
FUR-FU-10003489,Furniture,Contemporary Borderless Frame,Furnishings
TEC-MA-10002073,Technology,3D Systems Cube Printer  2nd Generation  White,Machines
TEC-PH-10004006,Technology,Panasonic KX - TS880B Telephone,Phones
OFF-BI-10000279,Office Supplies,Acco Recycled 2 Capacity Laser Printer Hanging Data Binders,Binders
OFF-PA-10000300,Office Supplies,Xerox 1936,Paper
OFF-BI-10004308,Office Supplies,Avery Legal 4-Ring Binder,Binders
TEC-PH-10004080,Technology,Avaya 5410 Digital phone,Phones
OFF-PA-10001260,Office Supplies,TOPS Money Receipt Book  Consecutively Numbered in Red,Paper
OFF-ST-10004946,Office Supplies,Desktop 3-Pocket Hot File,Storage
OFF-PA-10002109,Office Supplies,Wirebound Voice Message Log Book,Paper
TEC-MA-10004255,Technology,Konica Minolta magicolor 1690MF Multifunction Printer,Machines
FUR-FU-10003095,Furniture,Linden 12 Wall Clock With Oak Frame,Furnishings
FUR-FU-10000820,Furniture,Tensor Brushed Steel Torchiere Floor Lamp,Furnishings
TEC-MA-10002930,Technology,Ricoh - Ink Collector Unit for GX3000 Series Printers,Machines
OFF-PA-10003205,Office Supplies,Wirebound Message Forms  Four 2 3/4 x 5 Forms per Page  Pink Paper,Paper
OFF-LA-10002368,Office Supplies,Avery 479,Labels
TEC-MA-10003230,Technology,Okidata C610n Printer,Machines
OFF-PA-10000295,Office Supplies,Xerox 229,Paper
OFF-SU-10004884,Office Supplies,Acme Galleria Hot Forged Steel Scissors with Colored Handles,Supplies
FUR-FU-10002240,Furniture,Nu-Dell EZ-Mount Plastic Wall Frames,Furnishings
FUR-FU-10001057,Furniture,Tensor Track Tree Floor Lamp,Furnishings
FUR-CH-10002073,Furniture,Hon Olson Stacker Chairs,Chairs
OFF-AP-10003278,Office Supplies,Belkin 7-Outlet SurgeMaster Home Series,Appliances
TEC-PH-10002070,Technology,Griffin GC36547 PowerJolt SE Lightning Charger,Phones
FUR-FU-10000277,Furniture,Deflect-o DuraMat Antistatic Studded Beveled Mat for Medium Pile Carpeting,Furnishings
TEC-AC-10004420,Technology,Cherry 142-key Programmable Keyboard,Accessories
TEC-PH-10004094,Technology,Motorola L703CM,Phones
TEC-MA-10002790,Technology,NeatDesk Desktop Scanner & Digital Filing System,Machines
OFF-AP-10001634,Office Supplies,Hoover Commercial Lightweight Upright Vacuum,Appliances
OFF-PA-10001837,Office Supplies,Xerox 1976,Paper
OFF-AR-10003896,Office Supplies,Stride Job 150 Highlighters  Chisel Tip  Assorted Colors,Art
OFF-BI-10002897,Office Supplies,Black Avery Memo-Size 3-Ring Binder  5 1/2 x 8 1/2,Binders
OFF-PA-10001243,Office Supplies,Xerox 1983,Paper
FUR-FU-10003806,Furniture,Tenex Chairmat w/ Average Lip  45 x 53,Furnishings
TEC-MA-10000904,Technology,Brother MFC-9340CDW LED All-In-One Printer  Copier Scanner,Machines
OFF-LA-10002473,Office Supplies,Avery 484,Labels
FUR-FU-10003374,Furniture,Electrix Fluorescent Magnifier Lamps & Weighted Base,Furnishings
TEC-MA-10001856,Technology,Okidata C610n Printer,Machines
OFF-ST-10003641,Office Supplies,Space Solutions Industrial Galvanized Steel Shelving.,Storage
OFF-AR-10004707,Office Supplies,Staples in misc. colors,Art
TEC-MA-10004086,Technology,Plantronics Single Ear Headset,Machines
TEC-MA-10001695,Technology,Zebra GK420t Direct Thermal/Thermal Transfer Printer,Machines
FUR-FU-10002506,Furniture,Tensor Hersey Kiss Styled Floor Lamp,Furnishings
TEC-AC-10004518,Technology,Memorex Mini Travel Drive 32 GB USB 2.0 Flash Drive,Accessories
OFF-AP-10000027,Office Supplies,Hoover Commercial SteamVac,Appliances
OFF-PA-10002558,Office Supplies,Xerox 1938,Paper
TEC-AC-10000926,Technology,NETGEAR RangeMax WNR1000 Wireless Router,Accessories
OFF-PA-10001846,Office Supplies,Xerox 1899,Paper
TEC-MA-10003673,Technology,Hewlett-Packard Desktjet 6988DT Refurbished Printer,Machines
FUR-BO-10001567,Furniture,Bush Westfield Collection Bookcases  Dark Cherry Finish  Fully Assembled,Bookcases
FUR-FU-10001379,Furniture,Executive Impressions 16-1/2 Circular Wall Clock,Furnishings
TEC-MA-10000984,Technology,Okidata MB760 Printer,Machines
OFF-AR-10000937,Office Supplies,Dixon Ticonderoga Core-Lock Colored Pencils  48-Color Set,Art
FUR-FU-10002030,Furniture,Executive Impressions 14 Contract Wall Clock with Quartz Movement,Furnishings
OFF-FA-10000254,Office Supplies,Sterling Rubber Bands by Alliance,Fasteners
OFF-AP-10004136,Office Supplies,Kensington 6 Outlet SmartSocket Surge Protector,Appliances
TEC-AC-10002370,Technology,Maxell CD-R Discs,Accessories
OFF-AR-10003986,Office Supplies,Avery Hi-Liter Pen Style Six-Color Fluorescent Set,Art
OFF-SU-10004290,Office Supplies,Acme Design Line 8 Stainless Steel Bent Scissors w/Champagne Handles  3-1/8 Cut,Supplies
TEC-MA-10004552,Technology,Star Micronics TSP100 TSP143LAN Receipt Printer,Machines
OFF-PA-10000312,Office Supplies,Xerox 1955,Paper
OFF-PA-10001001,Office Supplies,Snap-A-Way Black Print Carbonless Speed Message  No Reply Area  Duplicate,Paper
OFF-PA-10001583,Office Supplies,1/4 Fold Party Design Invitations & White Envelopes  24 8-1/2 X 11 Cards  25 Env./Pack,Paper
TEC-MA-10002694,Technology,Hewlett-Packard Deskjet F4180 All-in-One Color Ink-jet - Printer / copier / scanner,Machines
TEC-MA-10004626,Technology,Lexmark 20R1285 X6650 Wireless All-in-One Printer,Machines
TEC-PH-10004241,Technology,Nokia Lumia 1020,Phones
OFF-SU-10003936,Office Supplies,Acme Serrated Blade Letter Opener,Supplies
TEC-MA-10003337,Technology,Okidata B401 Printer,Machines
OFF-PA-10000210,Office Supplies,Xerox Blank Computer Paper,Paper
OFF-AR-10003477,Office Supplies,4009 Highlighters,Art
FUR-CH-10002317,Furniture,Global Enterprise Series Seating Low-Back Swivel/Tilt Chairs,Chairs
OFF-LA-10004677,Office Supplies,Self-Adhesive Address Labels for Typewriters with Dispenser Box,Labels
FUR-CH-10002780,Furniture,Office Star - Task Chair with Contemporary Loop Arms,Chairs
OFF-EN-10001535,Office Supplies,Grip Seal Envelopes,Envelopes
TEC-MA-10003493,Technology,Penpower WorldCard Pro Card Scanner,Machines
TEC-AC-10002380,Technology,Sony 8GB Class 10 Micro SDHC R40 Memory Card,Accessories
TEC-PH-10002817,Technology,RCA ViSYS 25425RE1 Corded phone,Phones
TEC-MA-10003589,Technology,Cisco 8961 IP Phone Charcoal,Machines
OFF-AP-10003099,Office Supplies,Eureka Hand Vacuum  Bagless,Appliances
TEC-PH-10002645,Technology,LG G2,Phones
OFF-ST-10001627,Office Supplies,Eldon Jumbo ProFile Portable File Boxes Graphite/Black,Storage
